202059074,QP,0.67,5.401521,0.08,
202059080,AP,1.00,0.000000,0.00,
202059081,AP,0.42,0.000000,0.00,
202059086,QP,0.37,4.408197,0.11,
202059188,QP,2.59,0.690420,1.52,
202059190,AP,0.21,0.000000,0.00,
202059192,AP,0.26,0.000000,0.00,
202059193,AP,0.22,0.000000,0.00,
202059197,AP,0.20,0.000000,0.00,
202059198,AP,1.02,0.000000,0.00,
202059199,AP,0.59,0.000000,0.00,
202059204,QP,3.14,7.945648,1.37,
202059207,AP,0.10,0.000000,0.00,
202059208,QP,0.24,5.054826,0.02,
202059210,AP,1.67,0.000000,0.00,
202059215,AP,0.83,0.000000,0.00,
202059224,AP,0.42,0.000000,0.00,
202059229,QP,2.66,5.067694,1.21,
202059231,AP,3.47,0.000000,0.00,
202059299,QP,0.29,6.774722,0.10,50 (AF star)
202059350,QP,0.30,1.787771,0.07,
202059352,AP,0.13,0.000000,0.00,
202059364,QP,0.96,6.188442,0.12,
202059367,AP,0.60,0.000000,0.00,
202059391,AP,2.87,0.000000,0.00,
202059392,QP,0.14,2.584726,0.04,
202059393,AP,0.78,0.000000,0.00,
202059409,QP,1.38,1.486367,0.50,
202059414,QP,2.32,1.284625,0.59,
202059415,AP,3.44,0.000000,0.00,
202059434,QP,0.92,1.289773,0.23,
202059522,QP,2.76,8.537702,0.85,9 (AGN);35 (Blazar);61 (AGN);74 (Blazar);103 (Supernova/AGN/QSO/BL Lac)
202059552,AP,0.46,0.000000,0.00,9 (AGN)
202059586,AP,0.90,0.000000,0.00,
202059600,QP,7.47,2.551510,2.51,
202059635,QP,6.04,2.553962,1.73,
202059645,QP,4.31,5.523602,1.71,
202059697, P,4.42,3.423396,1.89,
202060097, P,2.23,2.624037,0.85,
202060098,QP,1.63,4.989129,0.42,
202060130,AP,0.86,0.000000,0.00,49 (SpB star)
202060132,QP,7.96,0.734701,3.59,44 (Beta Ceph);49 (SpB star)
202060135,QP,6.74,1.436605,2.73,49 (SpB star);109 (Algol Binary/BE star)
202060145,QP,0.51,1.147234,0.13,48 (ROAP/AP star);49 (SpB star)
202060171,QP,1.70,1.646030,0.37,44 (Beta Ceph);49 (SpB star)
202060187,AP,1.39,0.000000,0.00,44 (Beta Ceph)
202060189,QP,2.70,3.763730,0.64,44 (Beta Ceph)
202060191,QP,0.24,2.494569,0.07,49 (SpB star)
202060194,QP,0.68,11.096523,0.23,44 (Beta Ceph);45 (Be star)
202060196,QP,0.43,1.268619,0.07,44 (Beta Ceph)
202060207,AP,0.63,0.000000,0.00,44 (Beta Ceph)
202060378,AP,1.69,0.000000,0.00,49 (SpB star)
202060403,QP,8.94,2.465890,1.18,49 (SpB star)
202060423,QP,5.21,3.154888,1.93,49 (SpB star)
202060425,QP,0.62,8.358414,0.13,49 (SpB star)
202060439,QP,2.02,0.333470,0.37,49 (SpB star)
202060447,QP,24.25,2.036703,9.43,49 (SpB star);114 (AAVSO Variable Star)
202060471,QP,6.42,0.538125,0.88,49 (SpB star)
202060490,QP,0.38,1.651341,0.13,49 (SpB star)
202060509,AP,0.87,0.000000,0.00,
202060510,QP,4.00,3.830941,0.83,44 (Beta Ceph)
202060512,AP,1.13,0.000000,0.00,49 (SpB star)
202060514,QP,1.34,2.442479,0.61,49 (SpB star)
202060527,QP,0.91,1.968191,0.36,49 (SpB star)
202060539,QP,1.84,0.956313,0.82,49 (SpB star)
202060541,QP,2.60,4.047786,1.03,49 (SpB star)
202060545,QP,1.14,2.315100,0.22,49 (SpB star)
202060552,AP,4.20,0.000000,0.00,49 (SpB star)
202060554,QP,0.28,0.752747,0.06,49 (SpB star)
202060573,QP,2.37,0.902783,0.60,49 (SpB star)
202060594,QP,0.20,2.483358,0.05,49 (SpB star)
202060604,QP,3.08,5.363316,1.09,49 (SpB star)
202060605,AP,0.10,0.000000,0.00,49 (SpB star)
202060623,QP,0.20,2.381920,0.05,49 (SpB star)
202060631,AP,3.63,0.000000,0.00,49 (SpB star)
202060633,AP,1.15,0.000000,0.00,49 (SpB star)
202060636,QP,0.37,5.450760,0.08,49 (SpB star)
202060643,QP,1.02,4.802976,0.47,49 (SpB star)
202060646,AP,0.56,0.000000,0.00,49 (SpB star)
202060670,QP,2.54,4.438609,0.37,44 (Beta Ceph);49 (SpB star)
202060672,QP,3.63,2.103262,1.08,49 (SpB star)
202060680,QP,1.82,2.692880,0.89,49 (SpB star)
202060684,QP,4.78,3.300503,2.04,49 (SpB star)
202060704,AP,0.50,0.000000,0.00,
202060707,QP,0.49,0.770776,0.18,49 (SpB star)
202060767, P,2.22,2.102315,0.33,
202060768,QP,0.37,1.047541,0.05,
202060791,QP,0.29,1.246091,0.03,49 (SpB star)
202060792,QP,1.40,0.748370,0.23,49 (SpB star)
202060795, P,0.38,0.282541,0.10,49 (SpB star)
202060806,QP,0.92,0.462024,0.23,49 (SpB star)
202060818,QP,0.63,0.374263,0.15,
202060824,QP,0.41,2.484937,0.08,49 (SpB star)
202060833,AP,0.72,0.000000,0.00,49 (SpB star)
202060840,QP,0.14,10.726638,0.03,49 (SpB star)
202060849,QP,1.01,1.028110,0.20,45 (Be star);49 (SpB star)
202060863,AP,0.11,0.000000,0.00,
202060877,QP,3.63,3.636150,1.22,49 (SpB star)
202060907,QP,2.64,1.459407,0.84,49 (SpB star)
202060919,QP,1.57,2.908511,0.55,49 (SpB star)
202060932,QP,3.52,1.621053,0.77,49 (SpB star)
202060937,QP,0.48,2.181690,0.10,49 (SpB star)
202061001,AP,0.78,0.000000,0.00,49 (SpB star)
202061003,QP,0.67,9.464680,0.08,49 (SpB star)
202061020,AP,0.05,0.000000,0.00,49 (SpB star)
202061026,QP,2.43,2.993480,0.56,49 (SpB star)
202061029,QP,0.31,6.372263,0.09,49 (SpB star)
202061034,AP,0.23,0.000000,0.00,49 (SpB star)
202061042,QP,0.12,10.380617,0.04,49 (SpB star)
202061043,QP,0.21,6.309790,0.07,49 (SpB star)
202061056,QP,3.70,2.573244,1.65,49 (SpB star)
202061065,AP,0.82,0.000000,0.00,49 (SpB star)
202061127, P,0.35,0.106082,0.06,
202061143,QP,0.81,2.290384,0.17,
202061164,AP,4.35,0.000000,0.00,44 (Beta Ceph)
202061204,AP,1.23,0.000000,0.00,44 (Beta Ceph)
202061205,QP,0.83,3.414701,0.26,44 (Beta Ceph);49 (SpB star)
202061223, P,0.65,3.219288,0.27,44 (Beta Ceph);49 (SpB star)
202061225,AP,0.06,0.000000,0.00,44 (Beta Ceph)
202061226,QP,0.64,0.196279,0.12,44 (Beta Ceph);49 (SpB star)
202061236,QP,0.64,3.900596,0.18,49 (SpB star)
202061242,QP,0.34,1.202987,0.08,49 (SpB star)
202061244,QP,0.53,2.068459,0.18,49 (SpB star)
202061245,QP,0.24,1.890839,0.03,49 (SpB star)
202061247,QP,2.51,1.680413,0.44,49 (SpB star)
202061249,QP,1.50,0.779175,0.52,49 (SpB star)
202061250,QP,0.71,3.232109,0.27,44 (Beta Ceph);49 (SpB star)
202061251,QP,0.29,6.184516,0.05,49 (SpB star)
202061252,AP,0.80,0.000000,0.00,44 (Beta Ceph);49 (SpB star)
202061253,QP,1.44,2.478833,0.62,49 (SpB star)
202061281,QP,1.47,11.485535,0.12,49 (SpB star)
202061287, P,0.25,0.378587,0.06,49 (SpB star)
202061293,AP,2.34,0.000000,0.00,49 (SpB star);114 (AAVSO Variable Star)
202061296,QP,28.01,0.481015,5.45,45 (Be star);49 (SpB star)
202061318,AP,1396.51,0.000000,0.00,25 (CV);32 (CV/Nova/Dwarf Nova);40 (CV/dd WD pair);114 (AAVSO Variable Star)
202061320, P,3.72,0.111220,0.87,25 (CV)
202061349,QP,0.22,2.637698,0.05,26 (AM star);48 (ROAP/AP star);50 (AF star)
202061353, P,2.28,0.689077,0.70,26 (AM star);46 (Delta Scuti);50 (AF star)
202061771,QP,0.27,3.595521,0.05,
202061772,AP,6.84,0.000000,0.00,
202061774,AP,1.75,0.000000,0.00,
202061796,QP,2.99,0.997192,0.49,
202061799,QP,2.33,10.550779,0.56,
202061801, P,4.11,4.348632,1.55,
202061814,QP,1.90,1.023537,0.56,
202062050,QP,0.97,8.938848,0.29,44 (Beta Ceph)
202062054,QP,0.26,0.478640,0.04,
202062060,AP,0.22,0.000000,0.00,
202062063,QP,6.84,0.779498,0.85,
202062064,QP,3.30,0.997826,0.69,
202062065,QP,1.78,1.010357,0.69,
202062075,AP,0.09,0.000000,0.00,
202062077,QP,0.11,10.550781,0.04,
202062081,QP,1.86,0.597584,0.73,
202062085,QP,9.55,1.137098,0.84,
202062086,QP,0.99,0.914201,0.29,
202062090,QP,0.72,0.419296,0.20,45 (Be star)
202062095,QP,0.26,2.117098,0.08,
202062105,QP,2.95,1.117357,1.16,
202062106,QP,0.95,2.282262,0.36,
202062111,QP,0.52,1.633497,0.17,
202062114, P,0.96,3.201979,0.29,
202062120, P,2.22,0.412563,0.47,44 (Beta Ceph)
202062132,QP,1.50,2.073584,0.23,
202062150,AP,1.73,0.000000,0.00,
202062154,QP,41.61,6.761813,13.21,
202062156,AP,0.63,0.000000,0.00,
202062157,QP,1.52,1.573589,0.31,
202062183,QP,0.97,0.303049,0.28,
202062198,QP,0.86,0.338936,0.22,
202062206,QP,1.59,1.807860,0.64,
202062227,QP,0.46,0.305312,0.10,45 (Be star)
202062230,QP,1.64,1.100767,0.85,
202062234,QP,0.57,1.629364,0.11,
202062240,QP,17.40,1.007152,1.29,
202062447,QP,6.21,0.912906,0.86,43 (AM Star)
202062455,QP,0.14,1.812954,0.05,43 (AM Star)
202062457,AP,62.51,0.000000,0.00,43 (AM Star);114 (AAVSO Variable Star)
202062458,QP,0.89,3.512464,0.35,44 (Beta Ceph)
202062463, P,0.26,2.482014,0.02,44 (Beta Ceph)
202062466, P,0.93,3.199946,0.30,45 (Be star)
202062468,QP,1.37,9.064769,0.44,45 (Be star)
202062480, P,0.90,0.021117,0.18,46 (Delta Scuti)
202062481,QP,1.58,1.486970,0.21,46 (Delta Scuti)
202062495,QP,1.36,0.336083,0.49,
202062496,QP,0.30,9.901510,0.08,
202062511,QP,3.54,0.704927,0.73,
202062512,AP,0.45,0.000000,0.00,
202062521,QP,0.45,0.700514,0.12,
202062523, P,0.13,1.416717,0.04,
202062527,QP,0.50,0.176667,0.12,
202062529,QP,2.14,7.930523,0.63,
202062533,QP,0.17,4.697800,0.05,48 (ROAP/AP star)
202062552, P,1.50,0.273900,0.18,48 (ROAP/AP star)
202062559, P,0.38,0.445705,0.11,48 (ROAP/AP star);50 (AF star)
202062563,QP,2.58,1.558348,1.22,48 (ROAP/AP star);50 (AF star)
202062594,AP,3.68,0.000000,0.00,49 (SpB star)
202062603, P,0.19,0.167473,0.05,49 (SpB star)
202062607,QP,0.27,11.096524,0.08,49 (SpB star)
202062609,QP,6.72,7.470789,2.47,49 (SpB star)
202063066,AP,1.97,0.000000,0.00,50 (AF star)
202063174,QP,3.59,1.802796,0.50,50 (AF star)
202063327, P,1.16,0.058070,0.25,50 (AF star)
202063557, P,2.21,3.512464,0.65,50 (AF star)
202063769,QP,1.27,8.938854,0.52,50 (AF star)
202063784,QP,0.11,0.765277,0.04,50 (AF star)
202063838,AP,0.14,0.000000,0.00,50 (AF star)
202063862,QP,0.06,1.944401,0.01,50 (AF star)
202063894,AP,0.11,0.000000,0.00,50 (AF star)
202063913,AP,0.07,0.000000,0.00,50 (AF star)
202063916,AP,0.25,0.000000,0.00,50 (AF star)
202064080,AP,0.48,0.000000,0.00,50 (AF star)
202064086,QP,0.30,0.140126,0.07,50 (AF star)
202064095, P,0.19,0.358152,0.04,50 (AF star)
202064110,QP,0.26,1.722414,0.05,50 (AF star)
202064133,QP,3.07,1.860112,0.87,50 (AF star)
202064139,QP,2.08,1.405237,0.60,50 (AF star)
202064143,AP,0.13,0.000000,0.00,50 (AF star)
202064148,QP,0.24,3.785873,0.07,50 (AF star)
202064153,QP,4.06,0.959163,1.86,50 (AF star)
202064154,AP,0.14,0.000000,0.00,50 (AF star)
202064157, P,0.28,1.303816,0.04,50 (AF star)
202064179,QP,0.64,6.248527,0.10,50 (AF star)
202064188,AP,0.16,0.000000,0.00,50 (AF star)
202064206,AP,0.08,0.000000,0.00,50 (AF star)
202064221,QP,0.73,2.979623,0.11,50 (AF star)
202064269,AP,0.53,0.000000,0.00,50 (AF star)
202064316, P,0.41,0.598696,0.10,50 (AF star)
202064331,QP,1.56,6.399210,0.60,50 (AF star)
202064435, P,27.68,2.131120,5.74,51 (Cepheid);53 (Cepheid);123 (Cepheid)
202064436,QP,13.62,6.188450,1.80,51 (Cepheid);123 (Cepheid)
202064439,QP,74.58,2.626930,20.79,51 (Cepheid);53 (Cepheid);123 (Cepheid)
202064447,QP,20.90,1.514460,3.44,51 (Cepheid);53 (Cepheid);114 (AAVSO Variable Star)
202064449,QP,32.36,2.595156,9.92,51 (Cepheid)
202064451,AP,9.34,0.000000,0.00,51 (Cepheid);114 (AAVSO Variable Star)
202064452,QP,5.18,3.124259,1.84,51 (Cepheid);114 (AAVSO Variable Star);123 (Cepheid)
202064454,QP,45.18,6.774718,11.06,51 (Cepheid)
202064462,AP,14.43,0.000000,0.00,51 (Cepheid);123 (Cepheid)
202064463,AP,3.18,0.000000,0.00,51 (Cepheid);114 (AAVSO Variable Star)
202064473,AP,4.34,0.000000,0.00,51 (Cepheid)
202064491,QP,60.89,0.572523,32.71,55 (RR Lyrae)
202064531,QP,56.60,0.507970,31.08,55 (RR Lyrae)
202064535,QP,14.39,0.508197,4.82,55 (RR Lyrae);114 (AAVSO Variable Star)
202064539,QP,13.40,0.262265,3.49,55 (RR Lyrae);114 (AAVSO Variable Star)
202064541,QP,43.83,0.286683,19.42,55 (RR Lyrae);114 (AAVSO Variable Star)
202064566,QP,12.44,4.597128,4.17,61 (AGN)
202064574,QP,4.35,1.227467,1.60,61 (AGN)
202064759,QP,1.14,3.258695,0.23,61 (AGN)
202064883,AP,0.44,0.000000,0.00,61 (AGN)
202064947,AP,0.68,0.000000,0.00,61 (AGN)
202065039,QP,13.25,1.025181,1.84,61 (AGN)
202065150, P,1.23,2.364347,0.40,
202065158,QP,1.94,8.358401,0.52,
202065159,AP,3.46,0.000000,0.00,
202065160,AP,3.42,0.000000,0.00,
202065161,AP,1.09,0.000000,0.00,
202065169, P,7.91,3.217991,2.89,
202065178,QP,1.81,3.808277,0.44,
202065179, P,3.09,0.935652,0.86,
202065197,AP,0.85,0.000000,0.00,
202065204,QP,5.00,0.540251,0.94,
202065206, P,0.76,11.390668,0.09,
202065213,AP,2.56,0.000000,0.00,
202065234,AP,0.60,0.000000,0.00,
202065236, P,1.09,2.517504,0.42,
202065254,AP,1.27,0.000000,0.00,
202065283,AP,2.50,0.000000,0.00,
202065288, P,1.29,0.934103,0.38,
202065298,AP,0.54,0.000000,0.00,
202065322,AP,0.41,0.000000,0.00,
202065332,AP,1.70,0.000000,0.00,
202065500,AP,13.46,0.000000,0.00,
202065529,QP,1.03,5.596506,0.13,
202065545,QP,28.17,5.332675,8.84,109 (Algol Binary/BE star)
202065757,AP,0.15,0.000000,0.00,
202065775,AP,0.50,0.000000,0.00,
202065800,AP,0.08,0.000000,0.00,
202065801,AP,0.38,0.000000,0.00,
202065802,QP,0.85,2.484934,0.38,
202065805,AP,0.29,0.000000,0.00,
202065818,QP,0.43,0.570060,0.09,
202065819,QP,1.13,5.824886,0.35,
202065829,QP,0.35,0.519031,0.08,
202065832,QP,0.59,3.154892,0.21,
202065838,QP,2.25,7.848755,0.48,
202065854,AP,0.49,0.000000,0.00,
202065877,QP,0.12,4.060308,0.03,
202065904,AP,1.47,0.000000,0.00,
202065913,QP,1.67,0.166261,0.35,
202065915, P,3.02,2.250342,1.09,
202065924,AP,0.97,0.000000,0.00,
202065926,QP,1.79,2.080316,0.49,
202065934, P,0.54,4.104672,0.15,
202065953,AP,0.31,0.000000,0.00,
202065955,QP,1.46,0.176087,0.32,
202065956,QP,0.26,8.816409,0.04,
202065958,AP,0.19,0.000000,0.00,
202065962,AP,0.56,0.000000,0.00,
202065982,QP,2.53,2.899089,0.99,
202065992,AP,0.28,0.000000,0.00,
202065998,QP,2.20,7.571740,0.64,
202065999,QP,2.52,4.597863,0.97,
202066004,QP,2.52,2.179885,0.78,
202066013,QP,1.37,10.550785,0.32,
202066021,QP,1.86,4.634208,0.54,
202066027,AP,0.61,0.000000,0.00,
202066031,QP,2.78,0.598696,0.62,
202066035, P,1.41,6.605541,0.47,
202066045,QP,1.89,2.080316,0.44,
202066048,AP,0.38,0.000000,0.00,
202066056,AP,2.49,0.000000,0.00,
202066058,QP,1.33,8.251254,0.29,
202066067,QP,1.92,10.550784,0.64,
202066076, P,0.31,0.984976,0.12,
202066080,QP,1.42,8.089910,0.40,
202066089,QP,0.69,1.346087,0.17,
202066090,AP,1.15,0.000000,0.00,
202066100,AP,0.62,0.000000,0.00,
202066123,QP,2.22,6.995629,0.79,
202066129,QP,1.00,13.684877,0.28,
202066131,AP,0.66,0.000000,0.00,
202066136,QP,2.23,2.021323,0.25,
202066147,QP,4.82,0.465068,1.30,
202066152,QP,2.52,0.658075,0.35,
202066174, P,1.57,1.459672,0.52,
202066175,QP,5.32,1.098290,1.44,
202066185,AP,0.28,0.000000,0.00,
202066193,AP,0.51,0.000000,0.00,
202066196, P,4.31,3.016102,1.73,
202066209,QP,3.59,1.102052,1.26,
202066227,AP,0.69,0.000000,0.00,
202066241,AP,1.44,0.000000,0.00,
202066242,QP,1.57,0.339734,0.34,
202066257,QP,0.20,12.619565,0.04,
202066259,QP,4.68,1.420744,1.46,
202066266, P,1.52,0.173057,0.43,
202066275,QP,0.44,0.269739,0.09,
202066286,QP,0.80,1.399234,0.33,
202066309,AP,0.81,0.000000,0.00,
202066343,AP,0.60,0.000000,0.00,
202066368,QP,12.66,1.621151,1.43,
202066378,QP,0.75,0.739767,0.35,
202066418,QP,2.61,0.940514,0.56,
202066437,QP,6.93,3.682508,0.76,
202066447,AP,0.65,0.000000,0.00,
202066495,QP,6.16,0.645904,1.80,
202066540,QP,6.92,0.858129,1.44,
202066571,QP,2.16,3.595514,0.84,
202066594,AP,0.61,0.000000,0.00,
202066595,QP,3.45,0.375241,0.41,
202066596,QP,0.89,8.029637,0.28,
202066604,QP,3.64,0.599811,0.98,
202066618,QP,6.58,0.853674,1.85,
202066665,QP,0.63,0.407856,0.15,
202066698, P,1.76,1.892932,0.27,
202066702,QP,0.99,0.279703,0.15,
202066710,AP,0.95,0.000000,0.00,
202066801,AP,0.45,0.000000,0.00,
202066849, P,1.23,0.613770,0.26,
202066871,QP,0.19,4.582979,0.04,
202066909,QP,1.27,0.356169,0.22,
202066923, P,0.30,0.297411,0.09,
202066926,QP,2.79,0.474979,0.48,
202066998,QP,2.12,0.542997,0.44,
202067017,QP,0.74,2.447141,0.17,
202067038, P,0.48,1.231401,0.15,
202067054,QP,0.46,3.476694,0.07,
202067055,AP,0.19,0.000000,0.00,
202067058,QP,0.96,0.729702,0.25,
202067125,AP,0.72,0.000000,0.00,
202067158,AP,1.06,0.000000,0.00,
202067195,QP,1.17,0.069293,0.22,
202067214,AP,1.08,0.000000,0.00,
202067241,AP,1.15,0.000000,0.00,
202067248,QP,0.36,3.266992,0.10,
202067336,QP,1.50,5.107914,0.62,
202067337,AP,0.50,0.000000,0.00,
202067360,AP,0.47,0.000000,0.00,
202067377,AP,0.65,0.000000,0.00,
202067380,AP,0.38,0.000000,0.00,
202067406,QP,2.01,1.377279,0.93,
202067441,AP,0.26,0.000000,0.00,
202067464, P,2.57,0.874453,1.27,
202067476,AP,1.47,0.000000,0.00,
202067496,AP,1.20,0.000000,0.00,
202067514,AP,0.61,0.000000,0.00,
202067522,AP,0.28,0.000000,0.00,
202067523,AP,0.61,0.000000,0.00,
202067585,AP,1.67,0.000000,0.00,
202067612,QP,1.90,0.648564,0.57,
202067620,AP,2.24,0.000000,0.00,
202067687,QP,8.02,7.661864,1.59,
202067694,QP,0.61,3.497816,0.11,
202067695,AP,0.77,0.000000,0.00,
202067696,QP,0.80,6.567327,0.20,
202067702,AP,0.31,0.000000,0.00,
202067704,AP,0.51,0.000000,0.00,
202067708,QP,0.49,4.909842,0.09,
202067710,QP,0.34,2.979620,0.06,
202067711,AP,0.33,0.000000,0.00,
202067721,AP,0.25,0.000000,0.00,
202067723,AP,0.29,0.000000,0.00,
202067726,QP,0.35,3.423393,0.06,
202067730,AP,0.22,0.000000,0.00,
202067735,QP,0.24,1.678278,0.04,
202067738,AP,0.36,0.000000,0.00,
202067741,AP,0.30,0.000000,0.00,
202067744,AP,0.25,0.000000,0.00,
202067764, P,7.28,1.414500,3.01,
202067783,QP,3.91,3.354645,1.55,
202067791,QP,1.48,1.137664,0.36,
202067796,AP,0.98,0.000000,0.00,
202067803,AP,0.24,0.000000,0.00,
202067804,QP,0.49,10.209346,0.12,
202067805,AP,0.57,0.000000,0.00,
202067818,QP,0.34,1.768125,0.05,
202067827,QP,2.01,10.908431,0.82,
202067841,QP,0.46,3.217209,0.07,
202067843,QP,0.29,1.887382,0.04,
202067844, P,8.01,2.424044,1.06,
202067850,QP,0.65,0.107008,0.06,
202067854,QP,1.07,1.541215,0.23,
202067891,QP,0.35,1.986979,0.07,
202067897,AP,3.29,0.000000,0.00,
202067899,QP,0.28,8.938851,0.06,
202067920, P,9.17,0.124829,0.77,
202067923,AP,0.25,0.000000,0.00,
202067930,QP,1.87,0.666940,0.92,
202067933, P,1.88,9.327498,0.72,
202067937,QP,0.41,4.676579,0.07,
202067951,QP,4.87,0.853577,0.82,
202067952,QP,10.21,3.128530,3.76,
202067961,QP,0.36,1.112561,0.08,
202067962,QP,0.28,0.619439,0.05,
202067966,AP,0.40,0.000000,0.00,
202067969,QP,2.87,5.353786,0.52,
202067976,QP,8.48,6.108213,2.90,
202067980,QP,7.25,0.478867,1.80,
202067981,AP,0.35,0.000000,0.00,
202068005,QP,0.32,3.460199,0.07,
202068014,AP,0.33,0.000000,0.00,
202068059,QP,1.43,0.499226,0.42,
202068083,QP,0.61,1.987500,0.11,
202068091,AP,0.36,0.000000,0.00,
202068101, P,3.20,0.928712,0.88,
202068106,QP,1.94,2.145323,0.37,
202068120, P,3.77,0.759372,1.52,
202068126,QP,2.84,8.575695,0.48,
202068131,AP,0.55,0.000000,0.00,
202068168,QP,0.32,2.949760,0.10,
202068170,QP,6.47,3.516040,2.25,
202068177,AP,0.46,0.000000,0.00,
202068180,AP,2.05,0.000000,0.00,
202068181,QP,0.91,9.464662,0.28,
202068189,QP,3.59,2.211673,1.42,
202068192,QP,2.21,3.497810,0.33,
202068194,AP,0.60,0.000000,0.00,
202068198,AP,0.68,0.000000,0.00,
202068203,AP,0.55,0.000000,0.00,
202068212,AP,4.88,0.000000,0.00,
202068213,AP,1.09,0.000000,0.00,
202068226,AP,0.51,0.000000,0.00,
202068245,AP,0.52,0.000000,0.00,
202068249,AP,1.11,0.000000,0.00,
202068262,AP,0.45,0.000000,0.00,
202068282,QP,1.22,9.064744,0.28,
202068306,AP,0.25,0.000000,0.00,
202068316, P,0.28,1.984788,0.06,
202068329,AP,0.76,0.000000,0.00,
202068332,AP,1.21,0.000000,0.00,
202068341,AP,0.51,0.000000,0.00,
202068342,QP,0.77,5.408377,0.17,
202068344,QP,2.71,4.532374,1.14,
202068346,AP,0.47,0.000000,0.00,
202068354,AP,0.83,0.000000,0.00,
202068363,QP,0.43,1.062851,0.07,
202068368,QP,1.85,0.492047,0.41,
202068380,QP,4.41,1.469399,1.72,
202068381,AP,0.54,0.000000,0.00,
202068389,QP,0.66,14.627200,0.26,
202068390,AP,0.49,0.000000,0.00,
202068391,AP,0.26,0.000000,0.00,
202068397,AP,3.02,0.000000,0.00,
202068399,QP,2.27,8.697257,0.43,
202068403,AP,0.21,0.000000,0.00,
202068404,QP,1.48,2.201844,0.40,
202068425,AP,0.24,0.000000,0.00,
202068435,QP,0.34,3.720213,0.07,
202068436,QP,1.77,10.056200,0.56,
202068439,QP,2.85,6.500980,0.65,
202068444,QP,0.44,14.957864,0.12,
202068460,AP,0.26,0.000000,0.00,
202068470,AP,0.49,0.000000,0.00,
202068476,QP,5.28,9.464663,1.99,
202068477,QP,2.75,4.699278,1.07,
202068487, P,3.85,0.803492,1.67,
202068496,QP,2.49,2.722378,0.59,
202068521,AP,1.00,0.000000,0.00,
202068531,AP,0.27,0.000000,0.00,
202068548,AP,2.64,0.000000,0.00,
202068570,AP,0.55,0.000000,0.00,
202068576, P,1.56,2.311652,0.54,
202068580, P,8.17,3.649834,3.16,
202068591,AP,1.00,0.000000,0.00,
202068593, P,6.96,3.124256,2.13,
202068598,QP,3.30,7.231424,1.35,
202068600, P,1.27,1.604979,0.44,
202068602,AP,2.07,0.000000,0.00,
202068612,QP,2.03,14.330656,0.70,
202068614,AP,0.76,0.000000,0.00,
202068633,QP,2.70,2.543860,1.18,
202068639,AP,1.26,0.000000,0.00,
202068668, P,0.20,0.540839,0.05,
202068684,QP,0.75,0.553871,0.09,
202068685,QP,1.94,0.449154,0.78,
202068689, P,0.25,1.554584,0.07,
202068690,QP,0.30,1.876378,0.04,
202068691,QP,0.21,8.697267,0.03,
202068693,QP,0.71,2.994100,0.19,
202068695,QP,0.09,1.870924,0.02,
202068699,QP,0.94,6.846786,0.30,
202068700,QP,0.21,8.177910,0.05,
202068703,QP,1.50,2.219303,0.67,
202068709,QP,0.64,4.564524,0.16,
202068713,QP,0.22,4.081130,0.04,
202068716,QP,0.60,2.484934,0.16,
202068717,QP,0.16,1.956224,0.02,
202068723,QP,2.26,1.707156,0.49,
202068724, P,0.26,2.569488,0.10,
202068728,QP,0.91,0.693092,0.17,
202068731,QP,0.19,0.996281,0.04,
202068732,AP,0.19,0.000000,0.00,
202068734,QP,0.40,7.313612,0.11,
202068736,QP,0.22,1.577446,0.03,
202068739,AP,0.15,0.000000,0.00,
202068740,QP,0.09,7.450435,0.04,
202068745,QP,0.05,1.956224,0.02,
202068749,QP,0.41,0.865051,0.05,
202068757,QP,3.24,3.311195,1.03,
202068761,AP,0.23,0.000000,0.00,
202068767,QP,0.18,3.154891,0.04,
202068779,QP,0.37,5.695555,0.09,
202068782,QP,0.21,5.142244,0.04,
202068785,QP,1.61,0.217065,0.17,
202068786,QP,0.10,11.701777,0.02,
202068787,QP,0.14,8.009217,0.05,
202068791,AP,0.06,0.000000,0.00,
202068792, P,0.51,2.677073,0.13,
202068793,QP,0.37,1.956224,0.09,
202068794,AP,0.20,0.000000,0.00,
202068796, P,0.21,1.948867,0.07,
202068797,QP,1.03,1.029756,0.23,
202068798,QP,0.84,10.726629,0.25,
202068800,AP,0.28,0.000000,0.00,
202068801, P,0.41,1.514348,0.04,
202068803,AP,0.16,0.000000,0.00,
202068810,QP,0.55,6.071676,0.14,
202068812,QP,0.05,1.956224,0.01,
202068816,QP,0.25,0.782966,0.05,
202068817, P,0.31,0.083077,0.06,
202068819, P,1.47,0.722332,0.68,
202068820,QP,1.82,2.166996,0.80,
202068826,QP,0.25,3.423392,0.05,
202068830,AP,0.42,0.000000,0.00,
202068831, P,0.45,12.871953,0.20,
202068832,QP,0.13,2.410478,0.02,
202068833,AP,0.15,0.000000,0.00,
202068834,QP,0.17,2.871380,0.04,
202070161,QP,0.95,3.924383,0.38,
202070186,QP,28.90,2.847724,4.80,
202070194,QP,20.78,7.983684,4.75,
202070208,QP,3.19,9.176750,0.66,
202070216,AP,1.37,0.000000,0.00,
202070246,QP,9.63,7.991634,1.37,
202070250,QP,6.76,4.663233,1.53,
202070260,QP,0.55,1.959671,0.10,
202070268,AP,2.82,0.000000,0.00,114 (AAVSO Variable Star)
202070328,AP,0.16,0.000000,0.00,
202070332,QP,1.79,12.376872,0.57,
202070340,QP,0.23,6.774706,0.08,
202070354,AP,0.92,0.000000,0.00,
202070357,AP,0.26,0.000000,0.00,
202070361,AP,0.38,0.000000,0.00,
202070387,AP,0.43,0.000000,0.00,
202070393,QP,0.34,10.503874,0.07,
202070395,AP,0.48,0.000000,0.00,
202070396,AP,0.51,0.000000,0.00,
202070411,AP,0.16,0.000000,0.00,
202071266,QP,29.88,2.590773,12.08,
202071278,QP,4.75,3.387356,1.71,114 (AAVSO Variable Star)
202071279,QP,24.51,0.175272,3.32,114 (AAVSO Variable Star)
202071280,QP,7.46,11.096500,3.20,
202071288,QP,4.47,2.952284,1.84,
202071289,QP,3.55,1.354943,1.14,
202071290,QP,1.71,5.746407,0.60,
202071292,QP,3.86,1.332500,1.54,
202071302,QP,0.80,3.079412,0.18,
202071304,AP,0.90,0.000000,0.00,
202071308, P,1.52,1.950294,0.45,
202071310,QP,4.83,2.454930,1.86,
202071315,QP,0.10,12.127918,0.03,
202071316,QP,2.66,1.865498,1.16,
202071317,QP,6.18,1.240071,2.27,
202071330,QP,2.13,3.154885,0.48,
202071333,QP,2.06,8.938842,0.48,
202071374,AP,0.39,0.000000,0.00,
202071376,QP,6.67,4.152247,1.86,
202071460,QP,0.38,1.748906,0.05,
202071482,AP,0.39,0.000000,0.00,
202071488,QP,5.66,3.739469,2.11,
202071503,AP,1.01,0.000000,0.00,
202071527,AP,1.56,0.000000,0.00,
202071541, P,0.61,0.058265,0.09,
202071558,AP,0.76,0.000000,0.00,
202071562,QP,0.10,5.028105,0.02,
202071577,QP,0.18,10.908428,0.04,
202071582,AP,0.13,0.000000,0.00,
202071584,QP,0.34,6.995637,0.07,
202071594,QP,0.23,0.590457,0.02,
202071602,QP,1.62,2.670528,0.69,
202071619,QP,0.31,0.645535,0.09,
202071624,QP,3.72,0.385850,0.69,
202071629,QP,8.46,0.635337,1.84,
202071649,AP,3.02,0.000000,0.00,
202071661,QP,0.15,10.713017,0.04,
202071673,QP,0.14,1.693678,0.02,
202071675,QP,1.27,1.244870,0.29,
202071680,QP,1.88,2.017545,0.76,
202071684,QP,2.30,1.329746,0.47,
202071689,QP,1.14,0.675338,0.48,
202071690,AP,0.25,0.000000,0.00,
202071693,QP,0.73,0.970734,0.30,
202071707,AP,0.14,0.000000,0.00,
202071709,QP,0.64,1.433401,0.11,
202071710,QP,0.47,0.571071,0.09,
202071713,AP,0.15,0.000000,0.00,
202071714,QP,1.23,3.387350,0.27,
202071719,QP,0.06,3.217985,0.02,
202071720,QP,0.24,1.538729,0.06,
202071721,AP,0.43,0.000000,0.00,
202071723,QP,0.11,4.022484,0.03,
202071725,QP,0.63,6.995625,0.20,
202071732,QP,0.14,1.974224,0.02,
202071747,QP,0.59,0.056033,0.11,
202071748, P,1.23,0.078354,0.24,
202071753,AP,0.61,0.000000,0.00,
202071761,QP,0.09,8.581293,0.02,
202071772,AP,0.26,0.000000,0.00,
202071776,QP,0.86,0.371592,0.16,
202071790, P,1.60,0.956311,0.72,
202071792, P,4.81,0.728050,2.02,
202071815,QP,0.18,3.217985,0.04,
202071816,AP,0.43,0.000000,0.00,
202071819,QP,0.13,6.188439,0.02,
202071823,QP,0.10,0.651414,0.02,
202071827,QP,0.16,9.587628,0.05,
202071828,QP,1.18,4.663748,0.50,
202071838, P,0.36,0.554599,0.12,
202071843,QP,0.03,3.761334,0.01,
202071845,QP,5.94,0.841303,1.52,
202071853,QP,0.09,1.131101,0.02,
202071854,QP,0.22,2.419536,0.04,
202071859,QP,0.15,1.980298,0.02,
202071863, P,0.40,0.359150,0.08,
202071864,QP,0.10,1.410735,0.02,
202071867, P,3.82,0.940931,1.80,
202071875,QP,0.46,2.198163,0.16,
202071876,QP,0.22,0.816747,0.05,
202071877,QP,0.04,2.822793,0.01,
202071880,QP,0.14,0.752997,0.02,
202071887,AP,0.06,0.000000,0.00,
202071888,QP,0.13,3.536246,0.03,
202071890,QP,0.08,5.559558,0.02,
202071891,AP,0.23,0.000000,0.00,
202071892,QP,2.13,3.300496,0.49,
202071893,QP,0.21,2.899085,0.03,
202071896,QP,1.12,2.979615,0.36,
202071897,QP,0.12,4.100717,0.03,
202071904,QP,0.18,4.469422,0.03,
202071907,AP,0.08,0.000000,0.00,
202071909,QP,1.93,3.661351,0.71,
202071912,QP,0.05,8.697253,0.01,
202071914,QP,0.19,3.186123,0.04,
202071916,QP,0.29,6.129493,0.06,
202071917,QP,0.47,1.753670,0.11,
202071955, P,2.06,1.820804,0.65,
202071962, P,0.96,0.120462,0.22,
202071969,QP,1.07,3.008153,0.40,
202071989,QP,2.23,2.965890,0.41,
202072011,QP,0.67,1.970830,0.19,
202072062,QP,1.51,1.650252,0.46,
202072065,QP,1.80,1.980299,0.39,
202072075,QP,4.35,1.007196,1.49,
202072086,QP,0.89,3.405280,0.11,
202072096,AP,0.29,0.000000,0.00,
202072104,QP,3.66,1.387065,1.64,
202072108,QP,0.73,0.303816,0.13,
202072118,QP,1.71,1.865500,0.70,
202072119,AP,0.15,0.000000,0.00,
202072125,AP,0.28,0.000000,0.00,
202072136, P,2.68,1.782822,1.04,
202072137, P,8.47,2.847778,3.01,
202072140,QP,0.46,4.408207,0.14,
202072158, P,1.04,0.504387,0.19,
202072163,AP,0.12,0.000000,0.00,
202072169, P,1.58,0.056298,0.38,
202072171,AP,0.12,0.000000,0.00,
202072172,QP,2.45,3.900593,0.91,
202072182,QP,0.43,1.292366,0.07,
202072197,QP,0.16,3.441700,0.02,
202072204,QP,1.07,0.389824,0.24,
202072213, P,0.49,0.314718,0.06,
202072216,AP,0.29,0.000000,0.00,
202072230,QP,1.79,1.141707,0.54,
202072233,QP,0.72,2.062815,0.14,
202072263,QP,0.55,2.166998,0.12,
202072282,QP,0.67,1.992563,0.12,
202072299, P,0.88,0.234121,0.15,
202072313,QP,0.62,3.696490,0.08,
202072325, P,3.65,1.887385,1.56,
202072345, P,0.39,0.442382,0.06,
202072349,AP,0.24,0.000000,0.00,
202072369,AP,0.18,0.000000,0.00,
202072378,AP,0.19,0.000000,0.00,
202072388,QP,6.86,1.119301,2.49,
202072421,QP,0.56,0.987113,0.13,
202072425,QP,10.37,1.581321,3.62,
202072433,QP,3.02,4.179212,1.40,
202072435,QP,0.20,8.146807,0.06,
202072443,QP,1.35,2.056222,0.64,
202072450, P,0.47,0.400247,0.10,
202072463,QP,1.54,6.774707,0.55,
202072468,QP,0.85,0.453269,0.19,
202072471, P,0.06,0.884062,0.02,
202072476,QP,5.47,2.574386,2.48,
202072488,QP,0.22,2.504269,0.04,
202072489,QP,0.83,1.528734,0.13,
202072493, P,0.28,0.170942,0.07,
202072498,QP,1.65,0.823627,0.43,
202072500,AP,0.29,0.000000,0.00,
202072502,QP,3.28,0.962245,1.90,
202072504,QP,0.11,1.224339,0.03,
202072514,QP,0.07,6.567321,0.02,
202072521,QP,0.19,0.549894,0.07,
202072522,QP,3.32,1.074453,1.13,
202072523,QP,0.58,1.070877,0.14,
202072529,AP,0.11,0.000000,0.00,
202072537,QP,0.49,2.497911,0.21,
202072539, P,0.12,1.070853,0.02,
202072569,QP,0.32,6.920400,0.06,
202072577, P,1.54,0.645771,0.37,
202072578, P,0.44,0.061748,0.09,
202072580,QP,1.42,0.807525,0.24,
202072581, P,1.87,1.617077,0.31,
202072583,QP,0.25,0.326492,0.08,
202072594, P,0.25,0.142200,0.05,
202072597, P,1.46,0.421478,0.34,
202072609,AP,0.32,0.000000,0.00,
202072613,QP,5.81,0.786793,0.78,
202072616,QP,0.17,1.279516,0.04,
202072625,QP,0.27,2.124084,0.08,
202072627,QP,2.71,0.534549,1.54,
202072635,QP,0.19,3.050225,0.02,
202072661,QP,0.90,1.170176,0.18,
202072663,QP,0.95,0.450383,0.18,
202072670, P,1.59,1.716259,0.25,
202072678,QP,0.45,0.543579,0.08,
202072684,AP,0.10,0.000000,0.00,
202072688,QP,1.85,0.640737,0.49,
202072691,QP,1.92,0.427639,0.59,
202072696,QP,0.11,1.079862,0.02,
202072699,QP,5.90,0.686503,1.94,
202072701, P,0.08,1.228239,0.03,
202072703,QP,0.18,0.215034,0.03,
202072706,QP,6.76,5.817451,2.46,
202072708,AP,0.12,0.000000,0.00,
202072710,QP,0.94,2.715597,0.18,
202072712,AP,0.48,0.000000,0.00,
202072723,QP,0.18,1.452815,0.03,
202072737,QP,1.81,0.510954,0.53,
202072741,QP,1.07,0.630977,0.16,
202072742, P,0.36,0.139700,0.05,
202072749,QP,0.07,1.815761,0.03,
202072750, P,2.88,1.617077,1.17,
202072756,QP,1.08,3.720212,0.13,
202072758, P,0.39,2.504270,0.05,
202072767,QP,0.36,1.881863,0.06,
202072771,QP,0.31,3.877094,0.13,
202072793,AP,2.38,0.000000,0.00,
202072795,QP,1.34,3.656801,0.21,
202072797,AP,0.47,0.000000,0.00,
202072812, P,0.61,0.470393,0.13,
202072816,AP,0.07,0.000000,0.00,
202072817,QP,0.90,0.719121,0.15,
202072820,QP,0.93,0.678185,0.17,
202072822, P,3.45,0.109698,0.48,
202072827,QP,0.07,8.246013,0.02,
202072849,QP,2.41,0.401997,0.45,
202072858,QP,1.52,1.176595,0.33,
202072863, P,2.24,1.107740,0.61,
202072869,QP,0.10,2.428670,0.03,
202072877,QP,0.33,0.425660,0.09,
202072891,QP,0.76,0.131480,0.14,
202072894,AP,0.54,0.000000,0.00,
202072895,QP,1.35,1.536031,0.33,
202072906,QP,1.43,0.440820,0.39,
202072916,QP,2.07,1.554582,0.91,
202072919,QP,3.83,0.691296,0.80,
202072926,AP,0.18,0.000000,0.00,
202072979,QP,7.10,2.523913,2.54,
202072987, P,5.38,2.670530,1.61,
202072988,QP,26.98,5.295358,8.53,
202073004,QP,12.80,3.094217,2.99,109 (Algol Binary/BE star)
202073017,QP,7.10,4.152247,2.72,
202073018, P,6.49,4.152247,2.33,
202073035,QP,8.94,10.550764,3.94,114 (AAVSO Variable Star)
202073036,QP,11.70,10.638073,3.29,
202073067,QP,30.39,1.175299,6.88,109 (Algol Binary/BE star)
202073096,QP,11.66,0.979600,5.21,
202073213,AP,4.71,0.000000,0.00,
202073218,QP,8.71,0.460699,1.81,114 (AAVSO Variable Star)
202073232, P,21.52,0.419282,7.67,114 (AAVSO Variable Star)
202073234, P,2.67,0.291881,0.92,
202073257,QP,37.43,0.362182,14.33,
202073258,QP,25.43,0.362182,9.59,109 (Algol Binary/BE star)
202073294,QP,44.67,0.558956,20.61,114 (AAVSO Variable Star)
202073314,QP,15.72,0.237753,4.33,
202073345,QP,25.45,0.193156,6.62,
202073346, P,13.35,0.192111,4.97,
202073362,QP,29.19,0.179275,5.06,
202073364,QP,24.59,0.175319,3.98,
202073371,QP,30.40,0.169145,5.66,114 (AAVSO Variable Star)
202073372, P,21.52,0.168305,3.22,
202073373,QP,32.18,0.168305,6.06,
202073374,QP,32.92,0.165152,9.67,114 (AAVSO Variable Star)
202073398,QP,0.98,7.469447,0.25,114 (AAVSO Variable Star)
202073411,AP,10.02,0.000000,0.00,
202073412,AP,2.64,0.000000,0.00,
202073413,AP,0.98,0.000000,0.00,
202073414,AP,1.05,0.000000,0.00,
202073416,AP,0.93,0.000000,0.00,
202073420,AP,3.77,0.000000,0.00,
202073442, P,0.93,1.933536,0.29,
202073443,QP,1.98,3.248433,0.54,
202073489,QP,28.56,0.174322,4.46,
202074402,AP,1.87,0.000000,0.00,103 (Supernova/AGN/QSO/BL Lac)
202074407,AP,4.14,0.000000,0.00,103 (Supernova/AGN/QSO/BL Lac)
202074423,AP,1.29,0.000000,0.00,103 (Supernova/AGN/QSO/BL Lac)
202074427,QP,2.17,13.408291,0.79,103 (Supernova/AGN/QSO/BL Lac)
202074538,QP,2.01,7.848753,0.51,103 (Supernova/AGN/QSO/BL Lac)
202074574,AP,1.15,0.000000,0.00,103 (Supernova/AGN/QSO/BL Lac)
202074606,AP,1.31,0.000000,0.00,103 (Supernova/AGN/QSO/BL Lac)
202074616, P,3.75,0.196819,0.54,103 (Supernova/AGN/QSO/BL Lac)
202074705, P,1.58,2.952280,0.57,103 (Supernova/AGN/QSO/BL Lac)
202074741,QP,0.49,4.507732,0.16,103 (Supernova/AGN/QSO/BL Lac)
202074756, P,2.17,2.631879,0.82,103 (Supernova/AGN/QSO/BL Lac)
202081050,AP,0.59,0.000000,0.00,
202081065,AP,0.90,0.000000,0.00,
202081068, P,0.72,4.215383,0.10,
202081070,QP,4.55,8.899134,2.01,
202081077, P,1.39,0.451224,0.38,
202081079,QP,0.72,6.437039,0.09,
202081080,AP,1.55,0.000000,0.00,
202081089,QP,1.09,0.802492,0.17,
202081105,AP,0.12,0.000000,0.00,
202081145,QP,3.15,12.619574,1.05,
202081151,AP,0.53,0.000000,0.00,
202081175,AP,0.58,0.000000,0.00,
202081179,AP,0.73,0.000000,0.00,
202081181,AP,0.27,0.000000,0.00,
202081183,AP,0.21,0.000000,0.00,
202081188,QP,0.37,9.035980,0.08,
202081189,AP,0.62,0.000000,0.00,
202081199,AP,1.01,0.000000,0.00,
202081201,AP,0.75,0.000000,0.00,
202081203,AP,0.84,0.000000,0.00,
202081210,AP,0.70,0.000000,0.00,
202081218,AP,0.33,0.000000,0.00,
202081226,AP,0.55,0.000000,0.00,
202081257,QP,0.80,13.693577,0.25,
202081262,AP,1.26,0.000000,0.00,
202081312,AP,1.57,0.000000,0.00,
202081320,AP,0.31,0.000000,0.00,
202081332,AP,0.86,0.000000,0.00,
202081335,AP,1.15,0.000000,0.00,
202081345,AP,0.92,0.000000,0.00,
202081358,QP,5.11,9.708144,2.00,
202081359,AP,0.22,0.000000,0.00,
202081374,AP,1.04,0.000000,0.00,
202081389,AP,0.87,0.000000,0.00,
202081420, P,0.26,0.296589,0.04,
202081450, P,7.55,2.087094,2.33,
202081468,AP,0.33,0.000000,0.00,
202081470, P,1.75,0.861696,0.40,
202081483,AP,0.63,0.000000,0.00,
202081490,AP,0.86,0.000000,0.00,
202081496,AP,1.17,0.000000,0.00,
202081516,AP,1.34,0.000000,0.00,
202081525,AP,0.80,0.000000,0.00,
202081553,AP,1.68,0.000000,0.00,
202081580,AP,1.40,0.000000,0.00,
202081609,QP,0.62,10.537387,0.16,
202081643,AP,0.38,0.000000,0.00,
202081644,AP,0.53,0.000000,0.00,
202081646,QP,0.37,11.492820,0.10,
202081677,AP,0.36,0.000000,0.00,
202081687,AP,0.54,0.000000,0.00,
202081696,AP,3.39,0.000000,0.00,
202081704,AP,0.57,0.000000,0.00,
202081713,QP,1.15,9.416607,0.33,
202081725, P,7.94,1.663118,3.45,
202081732,AP,0.47,0.000000,0.00,
202081743,AP,2.92,0.000000,0.00,
202081755,AP,1.08,0.000000,0.00,
202081757,AP,1.37,0.000000,0.00,
202081772,AP,0.92,0.000000,0.00,
202081779,AP,1.83,0.000000,0.00,
202081823,QP,8.07,0.782469,3.04,
202081827,AP,0.61,0.000000,0.00,
202081888,AP,1.30,0.000000,0.00,
202081971,AP,1.03,0.000000,0.00,
202082150,QP,0.26,8.526821,0.09,
202083024,QP,4.44,0.365059,1.74,
202083029,AP,0.77,0.000000,0.00,
202083030,AP,2.17,0.000000,0.00,
202083032,AP,0.93,0.000000,0.00,
202083038,AP,0.30,0.000000,0.00,
202083040,AP,2.22,0.000000,0.00,
202083041,QP,0.49,6.258765,0.15,
202083044,QP,0.87,6.433893,0.15,
202083047,QP,0.96,4.564525,0.22,
202083049,QP,3.00,4.348639,0.41,
202083058,QP,0.75,2.349646,0.17,
202083067,QP,2.31,5.275389,0.34,
202083069,QP,0.72,2.985880,0.13,
202083071,AP,1.18,0.000000,0.00,
202083075,QP,0.79,1.569751,0.09,
202083076,AP,6.02,0.000000,0.00,
202083077,AP,0.33,0.000000,0.00,
202083086,AP,1.49,0.000000,0.00,
202083091,AP,0.94,0.000000,0.00,
202083094,QP,2.21,7.945647,0.40,
202083095,AP,0.64,0.000000,0.00,
202083097,AP,0.91,0.000000,0.00,
202083104,QP,0.81,1.748547,0.32,
202083117,AP,2.98,0.000000,0.00,
202083138,AP,0.89,0.000000,0.00,
202083140,AP,0.89,0.000000,0.00,
202083144, P,7.27,0.803937,3.13,
202083145,QP,3.24,1.741136,0.88,
202083155, P,0.48,1.909784,0.15,
202083163,AP,0.21,0.000000,0.00,
202083181,QP,0.77,6.567319,0.27,
202083184,QP,0.89,6.071680,0.20,
202083189,QP,2.41,12.369040,1.03,
202083192,AP,1.89,0.000000,0.00,
202083194,QP,2.56,2.454922,1.13,
202083201,AP,1.41,0.000000,0.00,
202083206,QP,3.73,3.283667,1.53,
202083207,QP,1.02,4.319449,0.20,
202083222,AP,4.59,0.000000,0.00,
202083239, P,15.80,1.387062,2.72,
202083247,QP,2.59,1.989869,0.35,
202083281,AP,0.77,0.000000,0.00,
202083311,AP,1.14,0.000000,0.00,
202083312,AP,1.10,0.000000,0.00,
202083325,QP,0.88,6.407377,0.19,
202083332,AP,0.39,0.000000,0.00,
202083361,QP,2.61,8.146802,0.63,
202083375,AP,0.54,0.000000,0.00,
202083385,AP,1.34,0.000000,0.00,
202083412,QP,1.41,7.151076,0.33,
202083417,AP,0.80,0.000000,0.00,
202083443,AP,0.46,0.000000,0.00,
202083450, P,3.49,1.558555,0.36,
202083457,AP,0.18,0.000000,0.00,
202083458,AP,1.72,0.000000,0.00,
202083460,QP,1.30,7.758997,0.24,
202083470,QP,1.56,6.188430,0.39,
202083471,AP,0.68,0.000000,0.00,
202083476,QP,3.26,1.968191,1.56,
202083480,AP,0.76,0.000000,0.00,
202083482,QP,0.50,5.225857,0.11,
202083483,AP,0.77,0.000000,0.00,
202083492,QP,0.57,1.862609,0.11,
202083529,AP,0.69,0.000000,0.00,
202083587,AP,0.24,0.000000,0.00,
202083593,QP,0.76,4.577921,0.20,
202083606,AP,1.69,0.000000,0.00,
202083621,AP,0.34,0.000000,0.00,
202083631,AP,10.53,0.000000,0.00,
202083669, P,0.38,4.133793,0.10,
202083710,QP,0.75,3.853876,0.19,
202083713,AP,0.65,0.000000,0.00,
202083731,QP,0.74,4.619333,0.15,
202083734,AP,1.19,0.000000,0.00,
202083740,AP,1.55,0.000000,0.00,
202083750,AP,0.80,0.000000,0.00,
202083768,AP,0.51,0.000000,0.00,
202083777,AP,0.39,0.000000,0.00,
202083781,QP,1.29,1.127140,0.52,
202083783,AP,0.54,0.000000,0.00,
202083798,QP,1.29,10.908426,0.26,
202083799,QP,1.11,5.596498,0.26,
202083800,QP,0.66,5.904569,0.11,
202083802,QP,2.21,5.959231,0.34,
202083816,AP,0.50,0.000000,0.00,
202083828,AP,0.32,0.000000,0.00,
202083855,AP,0.50,0.000000,0.00,
202083857,QP,1.07,7.192873,0.21,
202083869,AP,0.81,0.000000,0.00,
202083872,QP,4.64,3.656689,1.24,
202083894,QP,0.58,1.361821,0.11,
202083898,AP,0.71,0.000000,0.00,
202083901,AP,0.82,0.000000,0.00,
202083911,AP,1.02,0.000000,0.00,
202083924,AP,0.55,0.000000,0.00,
202083955,AP,1.70,0.000000,0.00,
202083961,AP,0.51,0.000000,0.00,
202083963,AP,0.46,0.000000,0.00,
202083986,AP,1.04,0.000000,0.00,
202083990,QP,0.45,5.295351,0.10,
202083995,AP,0.60,0.000000,0.00,
202084006,AP,0.41,0.000000,0.00,
202084010,AP,0.78,0.000000,0.00,
202084014,AP,0.27,0.000000,0.00,
202084028,QP,4.09,2.532560,2.02,
202084029,QP,0.33,4.290655,0.08,
202084038,AP,0.43,0.000000,0.00,
202084042,AP,0.40,0.000000,0.00,
202084060,AP,0.44,0.000000,0.00,
202084071,QP,0.31,11.910900,0.10,
202084073,AP,1.01,0.000000,0.00,
202084075,AP,1.83,0.000000,0.00,
202084095,QP,0.97,1.582198,0.13,
202084102,QP,0.43,8.636514,0.11,
202084105,QP,1.30,5.315609,0.38,
202084112,QP,0.91,4.767392,0.20,
202084128,AP,1.27,0.000000,0.00,
202084146,AP,0.81,0.000000,0.00,
202084176,QP,1.39,0.959984,0.21,
202084181,AP,2.32,0.000000,0.00,
202084184,QP,1.04,5.746401,0.22,
202084188,AP,0.92,0.000000,0.00,
202084196,QP,1.52,6.299425,0.33,
202084199, P,5.80,4.875739,1.83,
202084212,AP,0.56,0.000000,0.00,
202084229,AP,0.61,0.000000,0.00,
202084234,AP,1.28,0.000000,0.00,
202084238,QP,1.57,6.343929,0.29,
202084243,AP,1.51,0.000000,0.00,
202084263,AP,0.52,0.000000,0.00,
202084280,AP,0.79,0.000000,0.00,
202084295,AP,1.72,0.000000,0.00,
202084304,AP,0.59,0.000000,0.00,
202084317,AP,1.68,0.000000,0.00,
202084325,AP,0.51,0.000000,0.00,
202084328,QP,1.15,3.099295,0.23,
202084332,AP,0.18,0.000000,0.00,
202084342,AP,0.75,0.000000,0.00,
202084380,AP,1.15,0.000000,0.00,
202084424,AP,0.80,0.000000,0.00,
202084433,AP,0.31,0.000000,0.00,
202084447,AP,1.55,0.000000,0.00,
202084453,AP,0.96,0.000000,0.00,
202084456,QP,7.46,3.921883,2.32,
202084459, P,1.09,6.236620,0.20,
202084465,AP,0.70,0.000000,0.00,
202084466,AP,0.44,0.000000,0.00,
202084530,QP,0.76,9.593731,0.12,
202084534,AP,0.29,0.000000,0.00,
202084536,QP,0.87,11.047188,0.18,
202084557,QP,0.50,3.001142,0.10,
202084559, P,0.36,0.571072,0.08,
202084575,QP,1.86,2.076124,0.85,
202084577,AP,0.31,0.000000,0.00,
202084579,AP,0.39,0.000000,0.00,
202084588,QP,1.60,1.316152,0.09,
202084602,AP,0.47,0.000000,0.00,
202084608,QP,0.43,7.234323,0.11,
202084625,AP,3.38,0.000000,0.00,
202084628,AP,0.64,0.000000,0.00,
202084630,QP,1.33,7.483703,0.40,
202084664,AP,0.56,0.000000,0.00,
202084692,QP,0.64,9.605950,0.20,
202084711,QP,0.19,1.980196,0.05,
202084719,QP,1.23,10.638799,0.36,
202084727,AP,4.34,0.000000,0.00,
202084742,AP,3.00,0.000000,0.00,
202084745,QP,0.70,13.408298,0.21,
202084766,QP,1.64,2.089604,0.73,
202084770,AP,1.38,0.000000,0.00,
202084774,AP,0.47,0.000000,0.00,
202084778,AP,2.45,0.000000,0.00,
202084780,QP,8.67,0.821963,2.45,
202084805,QP,0.16,5.013865,0.04,
202084810,AP,1.41,0.000000,0.00,
202084820,QP,1.26,9.901491,0.37,
202084840, P,2.72,2.274198,0.68,
202084848,AP,0.76,0.000000,0.00,
202084855,QP,0.97,1.756204,0.20,
202084868, P,0.19,2.895565,0.06,
202084872, P,0.53,2.017139,0.10,
202084888,AP,1.00,0.000000,0.00,
202084891,AP,1.27,0.000000,0.00,
202084893,QP,6.61,1.121252,3.32,
202084908,AP,0.14,0.000000,0.00,
202084937,AP,1.22,0.000000,0.00,
202084946,AP,1.04,0.000000,0.00,
202084970,AP,0.99,0.000000,0.00,
202084990,QP,0.13,9.194241,0.04,
202084992,AP,1.05,0.000000,0.00,
202085011,AP,0.28,0.000000,0.00,
202085035,QP,1.36,12.376893,0.39,
202085049,AP,0.55,0.000000,0.00,
202085079,AP,1.83,0.000000,0.00,
202085094,AP,1.51,0.000000,0.00,
202085127,AP,1.10,0.000000,0.00,
202085134,AP,0.43,0.000000,0.00,
202085146,AP,1.17,0.000000,0.00,
202085173,AP,0.71,0.000000,0.00,
202085190,AP,0.62,0.000000,0.00,
202085211,QP,1.00,13.693549,0.40,
202085225,AP,1.40,0.000000,0.00,
202085229,AP,0.59,0.000000,0.00,
202085231, P,0.37,0.599638,0.15,
202085265,QP,3.50,12.290427,1.12,
202085276, P,0.55,0.560137,0.14,
202085278,AP,1.25,0.000000,0.00,
202085283, P,1.01,4.469430,0.25,
202085285,AP,0.32,0.000000,0.00,
202085297,QP,0.71,8.694808,0.11,
202085302,QP,4.17,13.134640,1.68,
202085305,AP,1.09,0.000000,0.00,
202085309,AP,1.04,0.000000,0.00,
202085316,QP,1.85,3.636148,0.58,
202085317,AP,0.92,0.000000,0.00,
202085323,QP,3.70,3.953534,0.99,
202085342,QP,0.68,9.309748,0.13,
202085343,AP,0.83,0.000000,0.00,
202085368,AP,2.64,0.000000,0.00,
202085375,AP,2.02,0.000000,0.00,
202085382,AP,0.66,0.000000,0.00,
202085383,QP,1.35,13.866312,0.39,
202085386,AP,1.17,0.000000,0.00,
202085404,QP,0.52,9.751473,0.09,
202085415,AP,0.84,0.000000,0.00,
202085430,AP,1.58,0.000000,0.00,
202085441,QP,0.64,8.342490,0.12,
202085451,AP,1.91,0.000000,0.00,
202085463,QP,2.22,9.194254,0.67,
202085466,AP,1.85,0.000000,0.00,
202085472,QP,0.41,8.893460,0.14,
202085476,QP,0.55,9.751466,0.11,
202085479,QP,5.14,1.460469,2.34,
202085496,AP,0.56,0.000000,0.00,
202085497,AP,0.95,0.000000,0.00,
202085510,AP,0.31,0.000000,0.00,
202085526,QP,0.35,1.046500,0.05,
202085535,AP,0.90,0.000000,0.00,
202085539,AP,0.99,0.000000,0.00,
202085541,QP,2.53,3.805856,0.81,
202085563, P,8.80,0.707996,2.86,
202085568,AP,0.98,0.000000,0.00,
202085573,AP,1.23,0.000000,0.00,
202085580,AP,1.08,0.000000,0.00,
202085601, P,0.76,0.485368,0.18,
202085604,AP,0.33,0.000000,0.00,
202085605,AP,1.04,0.000000,0.00,
202085607,AP,0.97,0.000000,0.00,
202085634,AP,0.59,0.000000,0.00,
202085645,QP,5.00,12.871939,1.90,
202085652,QP,2.75,0.313013,0.55,
202085655,AP,1.72,0.000000,0.00,
202085656, P,1.11,0.102680,0.25,
202085657,AP,0.81,0.000000,0.00,
202085672,AP,0.74,0.000000,0.00,
202085694,AP,1.86,0.000000,0.00,
202085696,AP,3.40,0.000000,0.00,
202085701,AP,1.30,0.000000,0.00,
202085708,AP,1.59,0.000000,0.00,
202085719,AP,0.52,0.000000,0.00,
202085721,QP,0.90,4.287930,0.25,
202085722,AP,2.15,0.000000,0.00,
202085723,AP,0.66,0.000000,0.00,
202085724,AP,1.46,0.000000,0.00,
202085735,AP,0.53,0.000000,0.00,
202085738,AP,0.73,0.000000,0.00,
202085769, P,14.65,1.346247,0.26,
202085771,AP,0.86,0.000000,0.00,
202085788,AP,0.59,0.000000,0.00,
202085789,QP,8.39,2.279360,3.50,
202085807,QP,1.48,0.915503,0.32,
202085828,AP,0.26,0.000000,0.00,
202085841,AP,2.27,0.000000,0.00,
202085843,AP,0.78,0.000000,0.00,
202085854,AP,0.53,0.000000,0.00,
202085859,AP,1.77,0.000000,0.00,
202085872,AP,0.40,0.000000,0.00,
202085896,QP,0.81,7.843779,0.21,
202085914,QP,1.57,0.624247,0.26,
202085921,QP,0.35,4.663749,0.11,
202085922,QP,1.32,7.072490,0.34,
202085925,AP,0.20,0.000000,0.00,
202085926,AP,0.39,0.000000,0.00,
202085933,QP,0.28,1.932724,0.05,
202085941,AP,2.79,0.000000,0.00,
202085943,AP,1.50,0.000000,0.00,
202085944,QP,1.61,5.408378,0.38,
202085950,AP,1.07,0.000000,0.00,
202085964,AP,0.42,0.000000,0.00,
202085966,QP,0.21,12.143356,0.05,
202086007,AP,0.75,0.000000,0.00,
202086010,QP,2.10,7.231441,0.73,
202086011,AP,2.10,0.000000,0.00,
202086018,AP,0.64,0.000000,0.00,
202086024,AP,0.57,0.000000,0.00,
202086042,QP,1.95,11.918490,0.58,
202086048,QP,0.32,8.136469,0.06,
202086049,AP,0.28,0.000000,0.00,
202086050,AP,0.61,0.000000,0.00,
202086077,AP,0.48,0.000000,0.00,
202086097,AP,0.44,0.000000,0.00,
202086103,QP,0.62,11.492803,0.16,
202086110,QP,0.30,11.918462,0.09,
202086113,AP,0.39,0.000000,0.00,
202086121,AP,0.31,0.000000,0.00,
202086124,QP,0.59,0.323441,0.17,
202086125,AP,0.32,0.000000,0.00,
202086127,AP,0.32,0.000000,0.00,
202086133,AP,1.49,0.000000,0.00,
202086155,AP,0.28,0.000000,0.00,
202086158,AP,0.19,0.000000,0.00,
202086162,AP,0.21,0.000000,0.00,
202086163,QP,8.13,1.517921,1.74,
202086177,AP,0.92,0.000000,0.00,
202086178,AP,0.07,0.000000,0.00,
202086183,AP,0.13,0.000000,0.00,
202086184,AP,3.20,0.000000,0.00,
202086186,QP,1.09,5.251442,0.29,
202086192,AP,0.23,0.000000,0.00,
202086194,QP,1.78,6.774708,0.67,
202086197,AP,0.95,0.000000,0.00,
202086218,QP,1.04,13.408290,0.41,
202086240,AP,0.78,0.000000,0.00,
202086244, P,1.03,0.554347,0.18,
202086250,AP,1.75,0.000000,0.00,
202086253,QP,0.75,0.689816,0.17,
202086258,QP,0.86,13.408290,0.31,
202086261,AP,0.29,0.000000,0.00,
202086281,AP,0.14,0.000000,0.00,
202086288,QP,0.47,8.468401,0.11,
202086319,AP,0.35,0.000000,0.00,
202086324,AP,0.30,0.000000,0.00,
202086337,AP,1.22,0.000000,0.00,
202086355,AP,0.57,0.000000,0.00,
202086359,QP,0.29,0.750113,0.08,
202086370,QP,1.51,8.110608,0.51,
202086374,QP,0.09,1.944403,0.02,
202086387,AP,1.37,0.000000,0.00,
202086397,AP,0.25,0.000000,0.00,
202086402,AP,0.41,0.000000,0.00,
202086404,QP,0.29,4.950753,0.06,
202086406,AP,0.24,0.000000,0.00,
202086409,QP,1.06,8.044957,0.29,
202086413, P,0.25,0.085574,0.07,
202086414,QP,1.62,0.896137,0.68,
202086418,QP,2.33,1.812951,1.00,
202086420,AP,0.61,0.000000,0.00,
202086425,AP,0.22,0.000000,0.00,
202086443,QP,3.18,4.767389,1.25,
202086451,QP,0.13,12.143337,0.04,
202086466,AP,1.09,0.000000,0.00,
202086511,AP,0.20,0.000000,0.00,
202086536,AP,0.14,0.000000,0.00,
202086544,AP,0.49,0.000000,0.00,
202086545,AP,1.60,0.000000,0.00,
202086567,AP,0.08,0.000000,0.00,
202086574,QP,2.17,4.839074,0.77,
202086575,QP,2.29,2.062814,0.95,
202086583,AP,0.07,0.000000,0.00,
202086585,QP,3.03,11.910891,1.22,
202086590,AP,0.09,0.000000,0.00,
202086624,QP,2.07,11.701780,0.86,
202086653,QP,1.03,8.697266,0.26,
202086667,QP,0.65,11.269679,0.16,
202086677,AP,0.62,0.000000,0.00,
202086697,QP,4.77,0.990150,2.19,
202086708,QP,0.43,3.615713,0.10,
202086723,AP,0.25,0.000000,0.00,
202086726,QP,0.47,9.605945,0.10,
202086744,AP,0.76,0.000000,0.00,
202086747,AP,0.25,0.000000,0.00,
202086754,QP,0.21,6.964525,0.06,
202086757,AP,0.80,0.000000,0.00,
202086758,AP,0.17,0.000000,0.00,
202086775,AP,0.08,0.000000,0.00,
202086814,AP,0.93,0.000000,0.00,
202086824,QP,0.51,4.378209,0.11,
202086828,QP,0.20,3.631528,0.05,
202086836,AP,0.27,0.000000,0.00,
202086849,AP,0.37,0.000000,0.00,
202086859,QP,2.46,2.750420,0.63,
202086883,QP,0.09,1.938544,0.01,
202086885,QP,0.12,8.039868,0.03,
202086889,QP,2.14,4.234190,0.83,
202086893,QP,0.13,9.751475,0.04,
202086938,QP,0.04,1.956222,0.01,
202086948,AP,0.68,0.000000,0.00,
202086949,AP,0.12,0.000000,0.00,
202086971,AP,0.15,0.000000,0.00,
202086973,AP,0.20,0.000000,0.00,
202086975,QP,0.22,3.168420,0.04,
202086981,AP,0.12,0.000000,0.00,
202087017,AP,0.31,0.000000,0.00,
202087024,AP,1.14,0.000000,0.00,
202087026,AP,0.34,0.000000,0.00,
202087047,AP,0.22,0.000000,0.00,
202087051,QP,0.22,12.143362,0.05,
202087054,AP,0.05,0.000000,0.00,
202087062,AP,0.34,0.000000,0.00,
202087072,QP,1.39,3.924371,0.37,
202087075,QP,0.08,11.744428,0.02,
202087076,QP,0.43,10.380603,0.13,
202087089,AP,1.71,0.000000,0.00,
202087131,AP,0.14,0.000000,0.00,
202087138,AP,0.21,0.000000,0.00,
202087142,AP,0.74,0.000000,0.00,
202087156,QP,2.00,4.340353,0.69,
202087159,AP,1.12,0.000000,0.00,
202087198,AP,1.61,0.000000,0.00,
202087248,QP,2.10,3.124259,0.80,
202087251,AP,0.21,0.000000,0.00,
202087257,QP,0.38,8.816405,0.08,
202087266,AP,0.37,0.000000,0.00,
202087272,QP,0.62,3.808265,0.10,
202087274,QP,0.72,2.798247,0.09,
202087283,QP,1.19,9.605951,0.49,
202087288,AP,0.10,0.000000,0.00,
202087290,QP,1.95,2.392556,0.81,
202087307,QP,1.76,3.186131,0.45,
202087317,AP,0.43,0.000000,0.00,
202087331,QP,1.13,1.296896,0.30,
202087336,QP,0.28,12.143346,0.07,
202087338,QP,0.18,0.658517,0.03,
202087367,AP,0.20,0.000000,0.00,
202087371,AP,0.54,0.000000,0.00,
202087382,QP,0.71,0.802490,0.06,
202087399,AP,0.07,0.000000,0.00,
202087407,AP,0.38,0.000000,0.00,
202087423,QP,0.50,0.768269,0.09,
202087426,QP,0.50,6.736005,0.08,
202087427,AP,0.10,0.000000,0.00,
202087430,AP,0.91,0.000000,0.00,
202087449,AP,0.72,0.000000,0.00,
202087454,AP,1.20,0.000000,0.00,
202087469,QP,1.50,9.605944,0.19,
202087476,QP,1.11,2.564136,0.44,
202087478,QP,0.21,2.704192,0.05,
202087479,QP,1.95,5.465916,0.68,
202087498,QP,0.08,7.754177,0.02,
202087503, P,0.63,0.099331,0.17,
202087508,AP,0.16,0.000000,0.00,
202087511,QP,0.11,1.507254,0.02,
202087512,QP,0.30,4.532385,0.05,
202087538,QP,2.59,2.068133,0.56,
202087541,AP,0.13,0.000000,0.00,
202087572,AP,0.14,0.000000,0.00,
202087578,AP,0.19,0.000000,0.00,
202087584,AP,0.78,0.000000,0.00,
202087589,QP,2.33,9.502244,0.62,
202087591,QP,1.05,5.272050,0.33,
202087611,QP,0.10,7.151080,0.02,
202087613,QP,2.06,0.863652,0.17,
202087614,QP,1.47,3.405274,0.58,
202087628,QP,0.19,1.923929,0.04,
202087631,QP,0.53,12.135636,0.18,
202087639,AP,0.21,0.000000,0.00,
202087649,AP,0.10,0.000000,0.00,
202087659,QP,0.47,11.701776,0.13,
202087663,QP,0.70,10.954253,0.14,
202087666,QP,0.63,6.435971,0.17,
202087668,QP,1.38,8.782739,0.50,
202087670,AP,0.20,0.000000,0.00,
202087681,QP,0.89,8.251249,0.20,
202087719,QP,0.23,8.581310,0.05,
202087764,QP,0.64,4.139399,0.21,
202087765,AP,0.18,0.000000,0.00,
202087767,AP,0.40,0.000000,0.00,
202087777,AP,0.08,0.000000,0.00,
202087818,AP,0.33,0.000000,0.00,
202087832,AP,0.16,0.000000,0.00,
202087833,QP,0.69,8.358402,0.20,
202087872,AP,1.53,0.000000,0.00,
202087875,QP,0.12,2.436322,0.03,
202087910,QP,1.10,3.924377,0.39,
202087913,AP,0.48,0.000000,0.00,
202087923,AP,0.33,0.000000,0.00,
202087928,QP,0.27,8.044974,0.04,
202087937,QP,0.12,3.186130,0.04,
202087939,QP,0.52,9.751484,0.21,
202087953,QP,0.85,2.226983,0.36,
202087955,QP,0.20,11.096499,0.06,
202087966,QP,0.10,2.847777,0.02,
202087972,AP,0.80,0.000000,0.00,
202087990,AP,0.05,0.000000,0.00,
202088029,QP,0.09,1.938548,0.02,
202088034,AP,0.15,0.000000,0.00,
202088040,QP,1.38,6.774707,0.47,
202088043,AP,0.21,0.000000,0.00,
202088049,QP,0.31,6.309777,0.09,
202088050,AP,0.47,0.000000,0.00,
202088062,QP,0.19,6.343938,0.05,
202088072,AP,0.14,0.000000,0.00,
202088080,AP,0.62,0.000000,0.00,
202088082,AP,0.19,0.000000,0.00,
202088083,QP,0.10,2.970668,0.03,
202088095,AP,0.35,0.000000,0.00,
202088099,QP,0.11,9.621458,0.03,
202088103,AP,0.76,0.000000,0.00,
202088104,AP,0.21,0.000000,0.00,
202088107,AP,0.08,0.000000,0.00,
202088110,QP,1.74,4.989128,0.46,
202088117,AP,0.42,0.000000,0.00,
202088156,AP,0.27,0.000000,0.00,
202088172,AP,1.13,0.000000,0.00,
202088177,AP,3.38,0.000000,0.00,
202088185,QP,1.32,3.405273,0.14,
202088195, P,0.36,0.915503,0.07,
202088197,AP,0.37,0.000000,0.00,
202088212,QP,2.06,5.620507,0.57,
202088214,QP,0.70,0.663082,0.05,
202088245,AP,0.39,0.000000,0.00,
202088250,AP,0.20,0.000000,0.00,
202088263,QP,1.84,3.423389,0.53,
202088271,AP,0.09,0.000000,0.00,
202088289,AP,0.08,0.000000,0.00,
202088291,QP,0.26,1.446287,0.08,
202088299,QP,0.86,0.771700,0.18,
202088312,QP,0.15,4.290653,0.03,
202088314,QP,1.32,1.259486,0.55,
202088323,QP,0.13,4.802962,0.03,
202088333,AP,0.09,0.000000,0.00,
202088337,AP,0.31,0.000000,0.00,
202088339,AP,0.11,0.000000,0.00,
202088351,QP,1.05,6.372248,0.27,
202088370,AP,0.28,0.000000,0.00,
202088377,AP,1.80,0.000000,0.00,
202088381,AP,0.20,0.000000,0.00,
202088428,AP,0.88,0.000000,0.00,
202088429,QP,0.18,3.883251,0.05,
202088430,QP,1.07,1.939150,0.42,
202088432,AP,0.87,0.000000,0.00,
202088445,QP,0.05,7.313608,0.01,
202088467,AP,0.15,0.000000,0.00,
202088479,QP,0.07,1.950294,0.01,
202088488,QP,3.97,1.332500,1.39,
202088489,QP,1.98,7.388268,0.40,
202088507,AP,0.16,0.000000,0.00,
202088512,QP,0.41,6.704137,0.15,
202088528,QP,0.31,0.337139,0.06,
202088537,QP,0.71,7.661882,0.14,
202088553, P,0.36,1.962187,0.08,
202088588,AP,0.21,0.000000,0.00,
202088591,AP,0.05,0.000000,0.00,
202088597,QP,0.62,2.659495,0.11,
202088609,QP,2.38,7.151075,1.12,
202088621,QP,0.28,3.967786,0.06,
202088626,QP,1.29,3.332583,0.38,
202088644,AP,0.26,0.000000,0.00,
202088646,AP,0.10,0.000000,0.00,
202088647,AP,0.16,0.000000,0.00,
202088658,QP,1.11,3.972823,0.34,
202088698,QP,0.11,6.533964,0.02,
202088708,AP,0.41,0.000000,0.00,
202088716,AP,1.00,0.000000,0.00,
202088729,QP,0.55,6.350155,0.18,
202088732,QP,0.62,1.074454,0.12,
202088733,AP,0.08,0.000000,0.00,
202088735, P,0.69,2.266191,0.21,
202088741,QP,0.14,2.373392,0.03,
202088745,AP,0.10,0.000000,0.00,
202088746,AP,0.42,0.000000,0.00,
202088751,AP,0.27,0.000000,0.00,
202088759,QP,1.63,7.848759,0.64,
202088776,AP,0.10,0.000000,0.00,
202088782,QP,2.04,2.965891,0.78,
202088794,QP,1.72,3.079413,0.60,
202088803,QP,1.53,5.232500,0.36,
202088809,QP,0.11,2.704190,0.02,
202088830,QP,1.39,10.726633,0.39,
202088833,QP,2.16,10.726625,0.76,
202088845,QP,0.06,11.903325,0.02,
202088852,AP,0.11,0.000000,0.00,
202088864,AP,0.32,0.000000,0.00,
202088866,AP,0.59,0.000000,0.00,
202088867, P,0.11,0.650099,0.02,
202088871,QP,1.69,6.727068,0.34,
202088878,AP,0.52,0.000000,0.00,
202088882,QP,1.43,6.774713,0.58,
202088891,AP,0.84,0.000000,0.00,
202088897,AP,0.16,0.000000,0.00,
202088899,QP,0.27,7.397673,0.05,
202088911,AP,0.80,0.000000,0.00,
202088919,AP,0.19,0.000000,0.00,
202088922,QP,0.46,8.938856,0.18,
202088923,AP,0.76,0.000000,0.00,
202088924,QP,0.95,9.064742,0.17,
202088936,AP,0.29,0.000000,0.00,
202088943,AP,0.17,0.000000,0.00,
202088946,AP,0.34,0.000000,0.00,
202088950,AP,0.49,0.000000,0.00,
202088968,AP,0.64,0.000000,0.00,
202088980,AP,0.17,0.000000,0.00,
202088984, P,0.19,1.986412,0.04,
202088987,QP,0.87,3.808266,0.17,
202089006,AP,0.39,0.000000,0.00,
202089014,QP,2.91,0.644069,0.39,
202089023,QP,2.54,1.411397,1.02,
202089042,AP,0.85,0.000000,0.00,
202089050,QP,0.11,4.152246,0.03,
202089060, P,0.64,0.632218,0.22,
202089064,QP,0.54,10.537387,0.17,
202089081,QP,0.09,5.850882,0.03,
202089093,AP,0.46,0.000000,0.00,
202089121,AP,0.43,0.000000,0.00,
202089148, P,0.47,0.335207,0.08,
202089150,AP,0.52,0.000000,0.00,
202089180,AP,0.85,0.000000,0.00,
202089186,QP,1.08,3.460200,0.40,
202089195,QP,1.77,3.785870,0.59,
202089207,AP,0.05,0.000000,0.00,
202089210,AP,0.28,0.000000,0.00,
202089221, P,1.23,0.216327,0.31,
202089231,QP,2.54,1.034722,0.50,
202089233, P,0.26,1.876377,0.05,
202089237,AP,0.56,0.000000,0.00,
202089257,QP,0.14,2.952281,0.04,
202089266,AP,0.99,0.000000,0.00,
202089276,QP,1.21,1.962186,0.23,
202089301,AP,0.09,0.000000,0.00,
202089303,AP,0.36,0.000000,0.00,
202089304,AP,0.22,0.000000,0.00,
202089305, P,0.13,1.943169,0.03,
202089307,QP,1.29,2.011144,0.25,
202089365,QP,0.81,4.231510,0.23,
202089384, P,0.13,1.950410,0.04,
202089397,AP,0.62,0.000000,0.00,
202089408,QP,0.19,4.989122,0.04,
202089411,QP,0.30,8.938851,0.11,
202089423,QP,0.15,2.166995,0.03,
202089451,AP,0.12,0.000000,0.00,
202089458,QP,0.07,4.609624,0.02,
202089478,AP,0.09,0.000000,0.00,
202089492,AP,0.15,0.000000,0.00,
202089497,QP,0.20,4.802966,0.04,
202089499,QP,0.20,6.846782,0.05,
202089504,QP,0.18,4.778573,0.04,
202089534,AP,0.28,0.000000,0.00,
202089538,AP,0.10,0.000000,0.00,
202089554,QP,0.59,4.503664,0.11,
202089560,QP,0.72,0.541749,0.15,
202089566,AP,0.28,0.000000,0.00,
202089592,QP,1.41,7.719718,0.44,
202089594,QP,2.42,1.200740,0.70,
202089597,QP,0.79,2.952287,0.23,
202089603,AP,0.17,0.000000,0.00,
202089624,QP,0.26,7.483694,0.08,
202089626,QP,0.60,4.532377,0.13,
202089637,QP,0.41,1.352097,0.09,
202089640,QP,0.87,1.558349,0.16,
202089643,AP,0.25,0.000000,0.00,
202089648,QP,0.80,0.973672,0.11,
202089650,AP,0.33,0.000000,0.00,
202089664,AP,1.12,0.000000,0.00,
202089681,QP,0.08,6.774705,0.02,
202089682,QP,0.55,7.838774,0.13,
202089683,QP,1.06,1.327007,0.29,
202089686, P,0.26,2.553961,0.06,
202089687,QP,0.44,3.405278,0.11,
202089712,AP,0.27,0.000000,0.00,
202089722,QP,0.12,1.600988,0.03,
202089730,AP,0.05,0.000000,0.00,
202089732,AP,0.48,0.000000,0.00,
202089745,AP,0.13,0.000000,0.00,
202089753,QP,0.19,5.148781,0.03,
202089756,QP,1.63,8.691755,0.44,
202089758,QP,0.30,6.838991,0.09,
202089776,QP,0.36,4.630195,0.07,
202089780,AP,0.23,0.000000,0.00,
202089781, P,0.56,0.356960,0.10,
202089787,AP,0.17,0.000000,0.00,
202089800, P,2.69,0.184684,0.88,
202089802,QP,0.14,4.989123,0.03,
202089818,QP,0.07,1.941935,0.02,
202089820,QP,0.14,1.950296,0.02,
202089839,AP,0.08,0.000000,0.00,
202089861,AP,0.15,0.000000,0.00,
202089866,AP,0.39,0.000000,0.00,
202089875,AP,0.13,0.000000,0.00,
202089905, P,0.69,2.616250,0.14,
202089911,QP,2.63,5.620498,1.10,
202089925,QP,0.13,5.904563,0.03,
202089926,AP,0.43,0.000000,0.00,
202089928,QP,0.30,4.802976,0.06,
202089934,QP,0.41,2.533852,0.10,
202089939,AP,0.18,0.000000,0.00,
202089945,AP,0.54,0.000000,0.00,
202089948,AP,0.13,0.000000,0.00,
202090008, P,0.50,0.155247,0.07,
202090021,AP,1.00,0.000000,0.00,
202090052,QP,2.81,6.121717,0.93,
202090059,AP,0.13,0.000000,0.00,
202090066,QP,1.82,5.904557,0.44,
202090086,AP,0.14,0.000000,0.00,
202090089,QP,0.12,1.962188,0.02,
202090091,AP,0.11,0.000000,0.00,
202090092,AP,0.42,0.000000,0.00,
202090107,AP,0.14,0.000000,0.00,
202090108,AP,0.80,0.000000,0.00,
202090109,QP,0.19,4.928751,0.05,
202090117,AP,0.43,0.000000,0.00,
202090119, P,0.19,1.410738,0.04,
202090121,AP,0.20,0.000000,0.00,
202090127,AP,1.41,0.000000,0.00,
202090129,QP,0.50,1.408311,0.12,
202090176,QP,0.15,1.399125,0.04,
202090178,AP,0.15,0.000000,0.00,
202090179,QP,0.25,2.873205,0.05,
202090184,AP,0.25,0.000000,0.00,
202090198,AP,0.25,0.000000,0.00,
202090213, P,0.11,1.191092,0.02,
202090237,AP,0.19,0.000000,0.00,
202090238,AP,0.19,0.000000,0.00,
202090249,AP,0.11,0.000000,0.00,
202090258,QP,2.62,0.753627,1.11,
202090282,QP,0.14,1.707541,0.04,
202090286,AP,0.13,0.000000,0.00,
202090305, P,0.38,3.125545,0.05,
202090321,QP,2.26,5.363312,0.64,
202090323,QP,0.48,7.123833,0.11,
202090326,AP,0.94,0.000000,0.00,
202090340,QP,0.39,7.661875,0.09,
202090344,QP,0.40,0.607319,0.10,
202090353,QP,1.05,5.695558,0.41,
202090363,AP,0.44,0.000000,0.00,
202090375,QP,0.28,4.799918,0.08,
202090394,AP,0.54,0.000000,0.00,
202090420,QP,1.14,7.571739,0.35,
202090447,AP,0.62,0.000000,0.00,
202090450,QP,5.27,0.841305,2.12,
202090473,AP,0.25,0.000000,0.00,
202090477,AP,0.37,0.000000,0.00,
202090494,QP,0.53,11.492818,0.10,
202090500,QP,0.19,5.295351,0.03,
202090513,QP,1.48,7.754189,0.40,
202090518,AP,0.48,0.000000,0.00,
202090530,AP,0.22,0.000000,0.00,
202090549,AP,0.16,0.000000,0.00,
202090562,AP,0.13,0.000000,0.00,
202090576,AP,0.13,0.000000,0.00,
202090588, P,1.51,0.145282,0.39,
202090598,AP,0.12,0.000000,0.00,
202090603,AP,0.16,0.000000,0.00,
202090606, P,0.71,1.782822,0.27,
202090625,QP,0.16,3.836746,0.03,
202090628,QP,0.14,5.596495,0.03,
202090637,QP,0.81,3.035836,0.14,
202090659,QP,0.11,5.062513,0.03,
202090664,QP,0.61,2.626931,0.10,
202090668,QP,0.43,2.979615,0.09,
202090674,QP,1.30,0.528839,0.35,
202090712,QP,0.28,8.044969,0.07,
202090715,AP,0.06,0.000000,0.00,
202090717,AP,0.18,0.000000,0.00,
202090725, P,0.12,0.203284,0.02,
202090735,QP,0.17,3.575540,0.03,
202090737,AP,0.35,0.000000,0.00,
202090751,AP,0.06,0.000000,0.00,
202090755,AP,0.10,0.000000,0.00,
202090757,QP,2.03,4.694818,0.73,
202090762,QP,0.31,1.580316,0.04,
202090791,AP,0.60,0.000000,0.00,
202090797,QP,0.21,3.478905,0.04,
202090806,AP,0.62,0.000000,0.00,
202090814,AP,0.14,0.000000,0.00,
202090842,AP,0.28,0.000000,0.00,
202090846,AP,0.32,0.000000,0.00,
202090853, P,0.23,0.945077,0.03,
202090858,AP,0.41,0.000000,0.00,
202090861,AP,0.18,0.000000,0.00,
202090867,QP,1.56,0.721551,0.71,
202090875,QP,0.46,1.962188,0.15,
202090887,QP,2.34,0.876836,0.70,
202090888,QP,0.52,2.692875,0.08,
202090904,AP,0.30,0.000000,0.00,
202090907,QP,0.23,1.641830,0.06,
202090919,QP,0.72,9.670977,0.24,
202090921,QP,0.39,6.188443,0.07,
202090925,QP,1.41,1.528735,0.33,
202090930,QP,0.10,7.910343,0.03,
202090933,AP,0.23,0.000000,0.00,
202090936,QP,0.07,1.944404,0.01,
202090938,AP,0.89,0.000000,0.00,
202090941,AP,0.47,0.000000,0.00,
202090954,QP,0.38,6.846784,0.12,
202090969,QP,0.19,6.631781,0.04,
202090973,QP,2.85,7.483701,0.97,
202090985,QP,0.18,1.472763,0.06,
202090995,QP,0.07,6.846783,0.02,
202091005,QP,0.39,0.516463,0.07,
202091015,QP,2.06,0.615690,0.82,
202091027,QP,0.12,3.924371,0.02,
202091029,QP,2.18,3.566462,0.75,
202091038,QP,0.34,9.605921,0.08,
202091039,QP,0.12,4.408200,0.03,
202091053,QP,1.95,1.962191,0.61,
202091071,AP,1.54,0.000000,0.00,
202091081,QP,0.54,0.270989,0.13,
202091117,AP,0.76,0.000000,0.00,
202091122,AP,0.11,0.000000,0.00,
202091128,AP,0.14,0.000000,0.00,
202091154,QP,3.14,2.858621,1.54,
202091162,QP,3.48,2.494568,1.14,
202091167,QP,0.65,0.449440,0.16,
202091179,QP,0.29,6.350169,0.09,
202091206,QP,1.73,0.541294,0.34,
202091214,AP,0.18,0.000000,0.00,
202091229,AP,0.61,0.000000,0.00,
202091231,QP,2.74,6.368210,1.11,
202091280, P,0.73,1.070879,0.19,
202091285, P,0.26,0.182235,0.07,
202091295,QP,1.58,3.094219,0.58,
202091298,AP,0.09,0.000000,0.00,
202091299,QP,2.59,1.792752,1.24,
202091303,AP,0.09,0.000000,0.00,
202091309,AP,0.24,0.000000,0.00,
202091318,AP,0.20,0.000000,0.00,
202091335,AP,0.93,0.000000,0.00,
202091339,AP,0.07,0.000000,0.00,
202091350,QP,1.13,0.641034,0.13,
202091354,QP,0.41,2.860431,0.09,
202091366,AP,0.10,0.000000,0.00,
202091375,QP,0.89,4.532377,0.21,
202091376,QP,1.24,0.590999,0.30,
202091388,QP,1.01,8.581315,0.39,
202091394,AP,1.23,0.000000,0.00,
202091405,QP,0.83,3.924373,0.22,
202091406,AP,0.86,0.000000,0.00,
202091419,QP,0.32,3.334704,0.03,
202091428,QP,0.13,1.519575,0.02,
202091437,QP,0.11,7.231436,0.02,
202091442,QP,0.51,4.597126,0.08,
202091462,QP,0.08,2.027698,0.02,
202091478,QP,1.21,1.573587,0.51,
202091482,QP,0.91,2.714987,0.29,
202091488,AP,0.17,0.000000,0.00,
202091497,AP,0.45,0.000000,0.00,
202091507,AP,0.12,0.000000,0.00,
202091509,QP,1.47,2.266186,0.48,
202091511,AP,0.15,0.000000,0.00,
202091514,QP,3.70,10.380593,0.69,
202091528,AP,0.15,0.000000,0.00,
202091533,QP,0.41,2.048371,0.06,
202091536,QP,0.40,3.997500,0.05,
202091546,AP,0.09,0.000000,0.00,
202091551,AP,0.78,0.000000,0.00,
202091555,QP,1.34,2.952283,0.23,
202091567, P,0.40,0.187735,0.07,
202091593,QP,0.30,1.935761,0.02,
202091617,QP,1.68,2.265925,0.50,
202091663,AP,0.63,0.000000,0.00,
202091664,QP,1.44,4.027218,0.33,
202091666,QP,0.55,1.966939,0.12,
202091667,QP,1.98,1.532373,0.80,
202091670,QP,0.13,1.986414,0.01,
202091692,AP,0.25,0.000000,0.00,
202091698,AP,0.10,0.000000,0.00,
202091701,QP,1.89,4.564525,0.38,
202091711,QP,0.23,1.860108,0.04,
202091715,AP,0.16,0.000000,0.00,
202091723,QP,0.34,0.367350,0.11,
202091726,QP,0.52,9.047500,0.10,
202091733,AP,0.16,0.000000,0.00,
202091738,QP,0.35,1.143591,0.08,
202091768,AP,0.31,0.000000,0.00,
202091770,QP,1.19,6.500984,0.32,
202091773,AP,0.84,0.000000,0.00,
202091775,AP,0.08,0.000000,0.00,
202091777,AP,1.33,0.000000,0.00,
202091791,QP,1.70,4.348629,0.61,
202091797,QP,0.17,1.803267,0.03,
202091820,QP,2.21,1.351435,1.00,
202091823,QP,2.24,1.510793,0.65,
202091839,AP,0.43,0.000000,0.00,
202091846,QP,0.09,6.364158,0.02,
202091867, P,0.20,0.096045,0.03,
202091874,QP,0.10,1.950293,0.02,
202091883,QP,1.18,5.500826,0.25,
202091886, P,0.79,2.204104,0.29,
202091890,QP,0.32,7.734491,0.07,
202091907,AP,0.11,0.000000,0.00,
202091919,QP,8.60,0.717522,0.92,
202091923,AP,0.33,0.000000,0.00,
202091924,QP,0.62,3.203687,0.22,
202091929, P,0.45,0.798484,0.07,
202091934,AP,0.10,0.000000,0.00,
202091941,QP,0.99,9.936925,0.35,
202091950,AP,0.41,0.000000,0.00,
202091966,QP,0.83,5.742755,0.17,
202091974,AP,0.43,0.000000,0.00,
202091989,QP,0.88,2.357502,0.22,
202091995,QP,0.18,1.693676,0.03,
202091999,AP,0.80,0.000000,0.00,
202092015,AP,0.23,0.000000,0.00,
202092022,QP,0.44,0.418782,0.08,
202092024,QP,3.50,6.513128,1.37,
202092028,AP,0.08,0.000000,0.00,
202092041, P,0.34,1.410910,0.09,
202092070,AP,0.16,0.000000,0.00,
202092118,AP,0.36,0.000000,0.00,
202092129,AP,0.10,0.000000,0.00,
202092145,AP,0.46,0.000000,0.00,
202092149,QP,0.95,7.514049,0.32,
202092152,QP,1.20,3.441698,0.23,
202092153,AP,0.81,0.000000,0.00,
202092175,QP,1.80,3.595518,0.75,
202092178,QP,1.92,7.945640,0.77,
202092179,AP,0.67,0.000000,0.00,
202092213,AP,0.29,0.000000,0.00,
202092248,QP,0.39,0.855848,0.13,
202092257,AP,0.50,0.000000,0.00,
202092262,AP,0.21,0.000000,0.00,
202092271,QP,1.24,2.774132,0.49,
202092280,QP,0.29,1.738717,0.06,
202092321,AP,0.09,0.000000,0.00,
202092330,QP,0.11,4.378218,0.02,
202092362,AP,0.75,0.000000,0.00,
202092370,QP,1.64,7.945648,0.61,
202092378,QP,0.52,5.190301,0.08,
202092433,QP,0.24,0.990151,0.05,
202092481,QP,0.59,8.146820,0.18,
202092484,QP,0.54,5.988197,0.15,
202092488,QP,0.12,4.500681,0.02,
202092515,QP,1.69,3.512464,0.51,
202092521,AP,0.92,0.000000,0.00,
202092524, P,1.34,0.377919,0.25,
202092533,QP,0.21,2.030274,0.04,
202092552,QP,1.18,2.798248,0.31,
202092569,QP,0.61,3.830933,0.16,
202092590,QP,0.52,3.387357,0.10,
202092591,QP,0.41,0.648519,0.06,
202092608,AP,2.37,0.000000,0.00,
202092617,AP,0.21,0.000000,0.00,
202092619,QP,0.20,3.234158,0.04,
202092634,AP,0.32,0.000000,0.00,
202092652,AP,0.26,0.000000,0.00,
202092657,QP,0.41,2.993482,0.08,
202092661,AP,0.17,0.000000,0.00,
202092670,AP,0.31,0.000000,0.00,
202092683,QP,1.20,3.283658,0.34,
202092691,AP,0.35,0.000000,0.00,
202092704,AP,0.58,0.000000,0.00,
202092717,AP,0.08,0.000000,0.00,
202092719,QP,0.20,0.905325,0.03,
202092720,AP,0.12,0.000000,0.00,
202092723,QP,0.92,6.014926,0.27,
202092733,QP,0.10,3.313300,0.02,
202092744,AP,0.43,0.000000,0.00,
202092748,QP,0.11,3.051127,0.02,
202092758,AP,0.20,0.000000,0.00,
202092763,QP,0.43,7.483694,0.09,
202092770,QP,0.83,2.211677,0.19,
202092791,QP,0.45,7.036573,0.10,
202092792,AP,0.21,0.000000,0.00,
202092804,AP,0.72,0.000000,0.00,
202092807,QP,2.98,7.151077,1.30,
202092848,AP,0.12,0.000000,0.00,
202092862,AP,2.70,0.000000,0.00,
202092864, P,2.27,1.098289,0.94,
202092874,QP,0.64,0.223161,0.38,
202092880,AP,0.19,0.000000,0.00,
202092883,QP,1.38,6.774702,0.37,
202092915,AP,0.23,0.000000,0.00,
202092940,QP,0.98,4.206523,0.39,
202092988,AP,0.32,0.000000,0.00,
202092991,QP,0.43,7.729574,0.13,
202092997, P,1.30,1.725460,0.43,
202093002,AP,0.40,0.000000,0.00,
202093007, P,0.42,1.185263,0.13,
202093015,AP,0.11,0.000000,0.00,
202093020,QP,1.71,4.155323,0.49,
202093025,AP,0.33,0.000000,0.00,
202093034,AP,0.07,0.000000,0.00,
202093035,QP,1.11,3.369616,0.39,
202093054,AP,0.57,0.000000,0.00,
202093072,QP,1.01,0.835840,0.12,
202093080,AP,0.42,0.000000,0.00,
202093124,QP,1.08,3.064752,0.34,
202093137,AP,0.18,0.000000,0.00,
202093163,AP,0.17,0.000000,0.00,
202093167,QP,0.51,0.591541,0.11,
202093173,AP,0.44,0.000000,0.00,
202093178,AP,0.28,0.000000,0.00,
202093181,AP,0.16,0.000000,0.00,
202093182, P,0.37,0.293158,0.09,
202093224,QP,0.52,4.125625,0.13,
202093226,QP,1.34,3.387358,0.57,
202093228,AP,0.14,0.000000,0.00,
202093239,QP,0.11,0.966363,0.02,
202093260, P,0.43,1.308124,0.06,
202093262,QP,0.41,9.327496,0.12,
202093278,QP,0.81,5.746402,0.09,
202093299,QP,0.19,1.921190,0.03,
202093307,QP,0.21,2.089603,0.04,
202093319,AP,0.14,0.000000,0.00,
202093320,AP,0.19,0.000000,0.00,
202093334, P,0.58,2.465894,0.21,
202093336,AP,0.31,0.000000,0.00,
202093343,QP,0.54,4.500678,0.11,
202093345,AP,0.07,0.000000,0.00,
202093347, P,1.53,7.397674,0.65,
202093370, P,0.21,2.643503,0.09,
202093380,QP,0.07,4.839082,0.02,
202093396,AP,0.10,0.000000,0.00,
202093451,QP,0.19,3.217986,0.05,
202093470, P,0.24,0.664187,0.03,
202093483,QP,0.59,2.742928,0.17,
202093503,QP,0.41,0.860424,0.05,
202093505,AP,0.24,0.000000,0.00,
202093517,QP,0.47,1.113491,0.09,
202093518,QP,0.99,2.931341,0.21,
202093532,QP,0.25,4.630202,0.06,
202093535,QP,0.68,0.930055,0.32,
202093536,QP,0.24,3.385819,0.06,
202093553,QP,3.90,0.750989,0.86,
202093554,AP,0.29,0.000000,0.00,
202093601, P,0.19,2.174317,0.06,
202093603, P,0.26,4.597134,0.07,
202093605, P,0.31,1.812952,0.06,
202093608,QP,0.24,4.011803,0.08,
202093614,AP,0.25,0.000000,0.00,
202093628,QP,0.59,6.635031,0.11,
202093659,AP,0.11,0.000000,0.00,
202093660,AP,0.34,0.000000,0.00,
202093665,QP,0.55,5.969107,0.13,
202093676,AP,0.26,0.000000,0.00,
202093679,QP,0.54,0.956312,0.10,
202093681,QP,0.11,2.059086,0.04,
202093697,AP,0.10,0.000000,0.00,
202093705,QP,0.11,0.713523,0.03,
202093707, P,1.28,0.819357,0.24,
202093710,AP,1.37,0.000000,0.00,
202093723,QP,3.05,0.656063,0.54,
202093741,QP,0.27,3.741842,0.05,
202093752,QP,0.25,0.332094,0.06,
202093757,AP,0.32,0.000000,0.00,
202093791,AP,0.16,0.000000,0.00,
202093795,QP,0.19,0.900136,0.03,
202093803,AP,0.23,0.000000,0.00,
202093808,AP,0.16,0.000000,0.00,
202093812,AP,0.07,0.000000,0.00,
202093828,QP,0.13,0.749240,0.02,
202093833,AP,12.15,0.000000,0.00,
202093834,QP,0.41,4.179205,0.08,
202093850,QP,0.24,6.014931,0.08,
202093862,AP,0.04,0.000000,0.00,
202093866,AP,0.44,0.000000,0.00,
202093875,QP,0.63,6.309785,0.20,
202093921,QP,0.53,4.630194,0.16,
202093946,AP,0.14,0.000000,0.00,
202093947,AP,0.13,0.000000,0.00,
202093950,QP,0.17,6.500981,0.03,
202093967,QP,0.63,5.645594,0.28,
202093979,QP,0.44,8.251239,0.15,
202093983,QP,0.13,2.762223,0.03,
202093995,AP,0.51,0.000000,0.00,
202094002,QP,0.33,4.912953,0.07,
202094020,QP,0.86,0.678755,0.30,
202094037,AP,0.21,0.000000,0.00,
202094046,QP,0.65,3.112355,0.10,
202094051,AP,0.15,0.000000,0.00,
202094055,QP,0.17,2.339539,0.03,
202094084,QP,0.43,1.823225,0.16,
202094091,QP,0.11,2.797978,0.02,
202094112,QP,0.11,9.901506,0.03,
202094116,QP,0.42,5.021721,0.12,
202094118,AP,0.50,0.000000,0.00,
202094121,AP,0.58,0.000000,0.00,
202094129,AP,0.28,0.000000,0.00,
202094170, P,0.25,0.612367,0.05,
202094172,AP,0.21,0.000000,0.00,
202094173,QP,0.48,8.508534,0.08,
202094174,QP,1.80,1.287194,0.77,
202094178,QP,0.55,0.372668,0.13,
202094179,QP,0.89,10.056213,0.42,
202094187,QP,0.23,3.426399,0.04,
202094212,QP,1.17,2.159724,0.12,
202094228,QP,0.47,0.548210,0.13,
202094239,AP,0.37,0.000000,0.00,
202094242, P,0.63,5.500839,0.25,
202094259,QP,0.17,1.977585,0.03,
202094282,QP,0.28,3.610750,0.04,
202094286,QP,0.94,3.283660,0.17,
202094293,QP,0.15,2.965888,0.03,
202094294,QP,0.16,5.067696,0.02,
202094295,AP,0.09,0.000000,0.00,
202094300,QP,0.17,3.250491,0.03,
202094326,AP,0.05,0.000000,0.00,
202094341,QP,0.97,0.668714,0.09,
202094345,QP,0.05,1.947820,0.01,
202094355,QP,0.19,3.201976,0.03,
202094409,AP,0.15,0.000000,0.00,
202094431,AP,0.10,0.000000,0.00,
202094439,AP,0.76,0.000000,0.00,
202094457,QP,0.27,4.438602,0.07,
202094464,QP,0.11,1.962188,0.02,
202094471,QP,1.77,1.844118,0.26,
202094476,QP,0.08,7.151081,0.01,
202094509,QP,0.08,4.060469,0.03,
202094516,QP,0.30,1.881862,0.11,
202094520,QP,0.38,5.429983,0.08,
202094525,AP,0.17,0.000000,0.00,
202094556,QP,1.25,4.432967,0.41,
202094571,QP,0.27,2.484934,0.09,
202094577,QP,0.76,2.979614,0.17,
202094586,QP,0.17,4.047790,0.06,
202094590,QP,0.21,2.523910,0.04,
202094609, P,1.66,0.617063,0.59,
202094615,QP,0.13,1.926940,0.03,
202094616, P,0.67,6.309778,0.21,
202094617, P,0.58,1.773379,0.20,
202094620,AP,0.71,0.000000,0.00,
202094636,AP,0.30,0.000000,0.00,
202094655,AP,0.13,0.000000,0.00,
202094659,QP,0.20,2.523909,0.04,
202094662,AP,0.45,0.000000,0.00,
202094672,QP,0.16,1.098289,0.02,
202094688,QP,1.01,0.791633,0.25,
202094698, P,1.30,0.052270,0.27,
202094706,AP,0.24,0.000000,0.00,
202094708,QP,0.24,0.131785,0.04,
202094716,QP,0.49,0.286430,0.09,
202094721,AP,0.20,0.000000,0.00,
202094734,QP,1.09,12.619565,0.42,
202094740,QP,0.99,7.313603,0.17,
202094748,QP,0.15,4.500678,0.03,
202094751, P,0.71,0.066398,0.30,
202094762,QP,1.11,1.236808,0.18,
202094777,AP,0.35,0.000000,0.00,
202094780,QP,3.66,4.319448,1.51,
202094783,AP,0.42,0.000000,0.00,
202094797,AP,0.36,0.000000,0.00,
202094798,QP,0.08,2.523909,0.03,
202094803,QP,0.10,4.029795,0.03,
202094809, P,0.13,1.385107,0.03,
202094811,QP,0.21,5.645593,0.05,
202094815, P,0.56,1.543401,0.08,
202094819,QP,0.21,0.531562,0.04,
202094820,QP,0.06,0.957734,0.01,
202094835,QP,2.59,0.588298,0.57,
202094849,AP,0.23,0.000000,0.00,
202094855,QP,0.28,1.938547,0.06,
202094858,QP,0.11,1.292364,0.03,
202094863,QP,0.21,2.456481,0.05,
202094864,QP,0.11,11.345160,0.02,
202094868,QP,0.22,1.247282,0.03,
202094869,QP,0.20,3.808275,0.03,
202094881,AP,0.27,0.000000,0.00,
202094883,QP,3.95,2.810473,1.93,
202094891,QP,0.42,1.547110,0.05,
202094896,QP,0.13,1.239338,0.05,
202094898, P,0.65,0.143500,0.14,
202094918,QP,0.19,0.917962,0.04,
202094924,AP,0.12,0.000000,0.00,
202094926,QP,0.24,0.821970,0.05,
202094933, P,0.78,6.609752,0.09,
202094934,QP,0.20,0.949455,0.05,
202094941, P,0.09,5.904566,0.02,
202094942,AP,0.16,0.000000,0.00,
202094947,QP,0.25,3.478905,0.04,
202094954,QP,1.22,0.596476,0.53,
202094955,QP,1.94,4.669238,0.56,
202094960,AP,0.21,0.000000,0.00,
202094964,QP,0.32,6.982298,0.04,
202094972,QP,0.24,3.250396,0.05,
202094984,QP,1.69,2.546224,0.36,
202094987,AP,0.42,0.000000,0.00,
202095005,AP,0.30,0.000000,0.00,
202095015,AP,0.39,0.000000,0.00,
202095019,QP,1.68,2.750413,0.39,
202095030,QP,0.85,4.125622,0.13,
202095034,QP,0.42,0.618079,0.08,
202095048,AP,0.73,0.000000,0.00,
202095081,QP,0.38,2.062812,0.06,
202095105,QP,0.14,1.381444,0.03,
202095114,AP,0.20,0.000000,0.00,
202095141,QP,1.09,1.335264,0.28,
202095146,QP,0.58,1.956222,0.11,
202095152, P,0.53,1.049915,0.24,
202095196,QP,0.40,1.944404,0.08,
202095197,QP,0.39,0.846840,0.07,
202095220,QP,4.16,0.756284,0.65,
202095221,AP,0.62,0.000000,0.00,
202095251,AP,0.48,0.000000,0.00,
202095253,QP,0.23,4.950758,0.03,
202095254,QP,0.87,1.105838,0.42,
202095284,QP,1.35,1.802795,0.07,
202095291,QP,0.25,1.950295,0.05,
202095297, P,0.22,0.062817,0.05,
202095301,QP,0.19,4.125629,0.07,
202095311,QP,0.11,1.909787,0.02,
202095325,QP,0.09,2.499685,0.02,
202095342, P,0.61,3.595520,0.27,
202095344,QP,0.33,1.218161,0.10,
202095348,QP,0.12,5.824886,0.04,
202095355,AP,0.25,0.000000,0.00,
202095362,AP,0.27,0.000000,0.00,
202095371,QP,0.07,9.041721,0.02,
202095374,AP,0.54,0.000000,0.00,
202095376,QP,0.28,3.186126,0.05,
202095390,AP,0.40,0.000000,0.00,
202095393,QP,0.19,0.557648,0.04,
202095399,QP,0.54,13.693550,0.14,
202095408,QP,0.26,1.849422,0.04,
202095430,QP,0.23,2.298563,0.04,
202095431,AP,0.26,0.000000,0.00,
202095434,AP,0.13,0.000000,0.00,
202095436,QP,0.09,8.321265,0.02,
202095437,AP,0.34,0.000000,0.00,
202095442,AP,0.70,0.000000,0.00,
202095452,QP,0.35,1.360673,0.04,
202095453, P,0.40,0.057680,0.07,
202095458,AP,0.34,0.000000,0.00,
202095461,QP,0.21,0.482120,0.06,
202095469,AP,0.48,0.000000,0.00,
202095485,QP,0.11,2.381133,0.04,
202095505,QP,0.44,0.323330,0.05,
202095520,QP,0.55,3.405274,0.14,
202095532,QP,0.11,3.595514,0.02,
202095537,QP,0.15,7.146536,0.06,
202095553,AP,0.08,0.000000,0.00,
202095572,QP,0.53,1.812952,0.19,
202095582,QP,0.06,1.971501,0.01,
202095588,QP,0.54,7.754183,0.18,
202095599,QP,1.09,7.151081,0.17,
202095604,AP,0.70,0.000000,0.00,
202095607,AP,0.36,0.000000,0.00,
202095608, P,0.42,0.851003,0.15,
202095625,AP,0.36,0.000000,0.00,
202095657,QP,0.06,2.786135,0.02,
202095661,AP,0.25,0.000000,0.00,
202095667,AP,0.32,0.000000,0.00,
202096734,AP,0.17,0.000000,0.00,
202096911,QP,0.58,1.996216,0.11,
202098176,AP,0.35,0.000000,0.00,
202098796,AP,0.27,0.000000,0.00,
202102928,QP,1.50,7.151079,0.37,
202108518,AP,0.33,0.000000,0.00,
202120526,AP,1.03,0.000000,0.00,
202128067,QP,0.25,1.904135,0.05,
202128548,QP,0.28,2.004977,0.07,
202128805,QP,0.13,2.616252,0.03,
202130358,AP,0.57,0.000000,0.00,
202130395,AP,0.56,0.000000,0.00,
202130856,QP,0.37,10.380592,0.11,
202131202,QP,0.37,2.895884,0.08,
202132246,QP,0.48,1.175664,0.08,
202133459,QP,0.41,0.907816,0.05,
202133531,AP,0.30,0.000000,0.00,
202133676,AP,0.81,0.000000,0.00,
202135067,QP,1.44,7.754201,0.30,
202135083,AP,0.41,0.000000,0.00,
202135106, P,0.73,0.770118,0.26,
202135118, P,0.74,0.132961,0.15,
202135136,AP,2.45,0.000000,0.00,
202135149,QP,0.75,4.564529,0.15,
202135152,AP,0.36,0.000000,0.00,
202135157,AP,1.10,0.000000,0.00,
202135183,QP,1.17,8.658625,0.42,
202135185,QP,3.86,7.226853,1.58,
202135186,AP,0.33,0.000000,0.00,
202135192,AP,0.29,0.000000,0.00,
202135196,AP,0.14,0.000000,0.00,
202135198,AP,0.54,0.000000,0.00,
202135210,AP,0.60,0.000000,0.00,
202135239,AP,0.88,0.000000,0.00,
202135243,QP,0.35,5.850895,0.08,
202135252,QP,1.43,7.413102,0.46,
202135264,AP,0.41,0.000000,0.00,
202135709,QP,0.50,10.719823,0.12,
202135742,AP,0.41,0.000000,0.00,
202135755,QP,1.70,13.134656,0.61,
202135765,QP,11.11,9.327511,5.04,
202135772, P,0.65,0.963909,0.09,
202135777,QP,1.41,1.297577,0.23,
202135793,AP,0.55,0.000000,0.00,
202135798,QP,0.82,3.948451,0.19,
202135818,AP,0.68,0.000000,0.00,
202135822,QP,0.85,6.626602,0.18,
202135824,QP,4.83,6.129501,1.84,
202135826,AP,2.09,0.000000,0.00,
202135827,AP,0.73,0.000000,0.00,
202135852,AP,0.98,0.000000,0.00,
202135873, P,2.35,0.516724,0.18,
202135879,QP,15.39,1.597848,0.41,
202135885,QP,5.74,0.550029,0.64,
202135893,AP,2.11,0.000000,0.00,
202135896,AP,4.51,0.000000,0.00,
202135901,QP,0.40,3.630998,0.07,
202135903,QP,0.73,4.022488,0.17,
202135907,AP,0.48,0.000000,0.00,
202135911,QP,0.31,3.035281,0.04,
202135918,QP,0.55,1.968188,0.06,
202135920,AP,0.44,0.000000,0.00,
202135927,QP,1.85,0.869174,0.29,
202135928,QP,0.48,3.250492,0.09,
202135945,AP,1.29,0.000000,0.00,
202135953,AP,0.78,0.000000,0.00,
202135959,AP,0.34,0.000000,0.00,
202135975,QP,0.57,0.555486,0.04,
202135985,QP,0.51,1.092695,0.06,
202135998,AP,3.64,0.000000,0.00,
202136009,AP,0.52,0.000000,0.00,
202136018,QP,0.70,6.224717,0.12,
202136042,AP,0.29,0.000000,0.00,
202136048,AP,0.29,0.000000,0.00,
202136057,AP,0.75,0.000000,0.00,
202136059,QP,12.48,12.376873,4.38,
202136060,AP,1.31,0.000000,0.00,
202136063,AP,0.67,0.000000,0.00,
202136074,AP,1.53,0.000000,0.00,
202136076,AP,0.41,0.000000,0.00,
202136087,QP,0.40,3.102439,0.06,
202136124,QP,0.17,1.426306,0.03,
202136128,QP,0.37,4.152244,0.08,
202136130, P,3.60,0.105443,0.29,
202136144,AP,0.22,0.000000,0.00,
202136151,AP,1.88,0.000000,0.00,
202136156,QP,0.14,1.458478,0.03,
202136162,AP,2.37,0.000000,0.00,
202136172,AP,0.12,0.000000,0.00,
202136180,QP,0.71,6.435976,0.25,
202136181,AP,0.40,0.000000,0.00,
202136182,AP,0.37,0.000000,0.00,
202136184,AP,0.90,0.000000,0.00,
202136187,QP,0.20,4.300250,0.04,
202136194,AP,0.23,0.000000,0.00,
202136195,AP,0.24,0.000000,0.00,
202136197,AP,0.33,0.000000,0.00,
202136200,AP,0.29,0.000000,0.00,
202136203,QP,0.81,7.571732,0.21,
202136208,AP,0.21,0.000000,0.00,
202136223,QP,3.25,0.885279,0.57,
202136419,QP,2.36,6.567320,0.59,
202136433,AP,0.36,0.000000,0.00,
202136436,AP,1.02,0.000000,0.00,
202136443,AP,1.03,0.000000,0.00,
202136451,QP,0.26,3.403114,0.05,
202136459,QP,0.35,3.859860,0.06,
202136471,QP,1.19,2.465889,0.17,
202136473,AP,0.40,0.000000,0.00,
202136482,QP,1.56,11.291178,0.54,
202136963,AP,1.61,0.000000,0.00,
202136973,QP,0.25,0.316732,0.03,
202136974,AP,1.44,0.000000,0.00,
202136977,AP,0.34,0.000000,0.00,
202136979,AP,1.33,0.000000,0.00,
202136994,AP,0.32,0.000000,0.00,
202137019, P,3.93,0.213923,1.10,
202137028,AP,0.33,0.000000,0.00,
202137030,QP,1.37,2.807532,0.47,
202137042,AP,0.24,0.000000,0.00,
202137051,AP,0.15,0.000000,0.00,
202137107,QP,0.58,0.950662,0.05,
202137118,AP,2.27,0.000000,0.00,
202137136,QP,0.83,4.073407,0.12,
202137159,QP,1.43,1.980301,0.31,
202137169,QP,0.26,6.043888,0.07,
202137177,AP,0.34,0.000000,0.00,
202137182,AP,0.20,0.000000,0.00,
202137201, P,1.42,1.261958,0.22,
202137216,QP,0.27,7.465976,0.10,
202137218,AP,0.64,0.000000,0.00,
202137220, P,2.13,2.625726,0.85,
202137242,AP,1.45,0.000000,0.00,
202137253,AP,11.06,0.000000,0.00,
202137254,QP,0.53,2.552340,0.07,
202137267,AP,0.25,0.000000,0.00,
202137284,QP,3.96,9.422620,0.70,
202137288,AP,0.28,0.000000,0.00,
202137289,QP,1.25,1.994490,0.20,
202137302,AP,0.68,0.000000,0.00,
202137309,QP,4.45,2.969276,0.52,
202137318,QP,0.92,3.364200,0.23,
202137387,AP,0.63,0.000000,0.00,
202137421,AP,0.29,0.000000,0.00,
202137466, P,0.33,0.707130,0.07,
202137472,AP,0.27,0.000000,0.00,
202137495,QP,0.44,5.190307,0.12,
202137496,QP,0.51,1.449545,0.07,
202137503,QP,0.80,0.716702,0.17,
202137514,QP,0.43,2.088279,0.10,
202137516,AP,2.45,0.000000,0.00,
202137520,AP,0.21,0.000000,0.00,
202137537,QP,6.52,0.775862,1.63,
202137547,QP,2.01,1.986414,0.26,
202137549,AP,0.38,0.000000,0.00,
202137550,QP,3.56,4.203851,1.57,
202137558,QP,12.85,3.124261,4.46,
202137565,AP,2.35,0.000000,0.00,
202137576,AP,0.30,0.000000,0.00,
202137587,QP,0.18,4.469431,0.07,
202137596,QP,0.65,3.150889,0.10,
202137598,AP,0.27,0.000000,0.00,
202137605,AP,0.38,0.000000,0.00,
202137621,QP,0.31,5.798188,0.07,
202137622,QP,1.32,5.878333,0.26,
202137626,QP,3.06,3.615721,1.23,
202137630,QP,18.34,8.358425,3.26,
202137634,AP,1.72,0.000000,0.00,
202137638,AP,0.19,0.000000,0.00,
202137643,AP,0.66,0.000000,0.00,
202137651,AP,2.79,0.000000,0.00,
202137662, P,2.59,1.117879,1.06,
202137668,AP,0.41,0.000000,0.00,
202137677, P,0.59,0.203220,0.13,
202137686,AP,0.30,0.000000,0.00,
202137687,QP,17.88,3.124258,7.19,
202137690,QP,0.21,2.034087,0.04,
202137692,AP,0.15,0.000000,0.00,
202137694,QP,0.24,2.374897,0.04,
202137697,AP,0.23,0.000000,0.00,
202137698,AP,0.15,0.000000,0.00,
202137702,QP,0.21,2.979617,0.05,
202137709,QP,0.47,0.280354,0.06,
202137710,QP,0.28,6.272952,0.06,
202137713,QP,1.90,1.963465,0.29,
202137719,QP,4.86,1.933292,1.69,
202137735,AP,0.13,0.000000,0.00,
202137739,AP,0.14,0.000000,0.00,
202137744,QP,4.81,7.151080,1.45,
202137752,AP,0.23,0.000000,0.00,
202137753,AP,0.58,0.000000,0.00,
202137754,AP,0.95,0.000000,0.00,
202137755,AP,0.37,0.000000,0.00,
202137764,AP,0.24,0.000000,0.00,
202137768,QP,0.53,5.107915,0.11,
202137770,QP,1.92,1.968189,0.30,
202137772,AP,0.27,0.000000,0.00,
202137774,QP,2.04,0.580495,1.04,
202137781,QP,0.28,4.234193,0.07,
202137788,QP,3.37,6.567319,1.34,
202137789,QP,0.52,3.516925,0.15,
202137791,AP,0.61,0.000000,0.00,
202137794,AP,3.01,0.000000,0.00,
202137804,QP,2.95,1.974226,0.69,
202137820,AP,0.25,0.000000,0.00,
202137825,QP,4.15,8.246962,0.70,
202137826,QP,0.99,3.877093,0.20,
202137827,AP,2.20,0.000000,0.00,
202137829, P,2.07,1.554582,0.35,
202137831,QP,0.96,10.726628,0.25,
202137833,AP,0.42,0.000000,0.00,
202137838,QP,1.07,4.597126,0.31,
202137841,QP,0.28,4.691826,0.06,
202137861,QP,0.76,5.067695,0.10,
202137868,QP,0.92,5.408380,0.17,
202137871,QP,0.97,8.468392,0.30,
202137891,AP,0.44,0.000000,0.00,
202137907,AP,0.33,0.000000,0.00,
202137909,QP,2.03,0.809547,0.33,
202137910,AP,0.26,0.000000,0.00,
202137914,QP,0.32,3.441698,0.07,
202137918,AP,0.23,0.000000,0.00,
202137919,AP,1.26,0.000000,0.00,
202137922,QP,3.95,1.950295,1.01,
202137933,AP,0.41,0.000000,0.00,
202137934,AP,0.28,0.000000,0.00,
202137939,QP,0.39,1.497049,0.06,
202137943,AP,0.29,0.000000,0.00,
202137944,QP,0.27,2.329953,0.06,
202137946,QP,0.08,1.974630,0.02,
202137949,QP,0.44,5.671216,0.09,
202137964,AP,0.80,0.000000,0.00,
202137966,QP,1.33,2.938802,0.38,
202137972,AP,0.41,0.000000,0.00,
202137976,QP,1.87,1.143157,0.24,
202137984,QP,0.60,4.875739,0.17,
202138004,QP,0.52,5.480065,0.15,
202138008,AP,0.32,0.000000,0.00,
202138012,AP,0.35,0.000000,0.00,
202138013,QP,8.68,2.130019,2.92,
202138037,AP,0.19,0.000000,0.00,
202138040,QP,1.09,1.978845,0.21,
202138044,AP,0.57,0.000000,0.00,
202138061,QP,1.90,1.992562,0.23,
202138062,AP,1.76,0.000000,0.00,
202138066,AP,0.70,0.000000,0.00,
202138068,QP,0.32,3.366359,0.07,
202138074,AP,1.90,0.000000,0.00,
202138106, P,2.66,1.131103,0.59,
202138116,QP,0.39,6.435977,0.11,
202138123,AP,0.36,0.000000,0.00,
202138131,QP,1.18,2.938802,0.38,
202138136,QP,0.59,2.886086,0.09,
202138137,AP,0.50,0.000000,0.00,
202138167,QP,1.88,7.313610,0.58,
202138192,AP,0.32,0.000000,0.00,
202138211,QP,0.73,1.446286,0.12,
202138244,AP,0.34,0.000000,0.00,
202138283,QP,26.89,13.991231,11.38,
202138287,QP,0.53,1.745573,0.10,
202138303,AP,0.40,0.000000,0.00,
202138314,QP,0.26,0.526443,0.07,
202138319,QP,0.36,2.965452,0.05,
202138325,QP,0.80,0.425931,0.18,
202138326,QP,0.77,2.475372,0.16,
202138351,AP,0.89,0.000000,0.00,
202138372,QP,0.46,3.075500,0.08,
202138374,AP,0.33,0.000000,0.00,
202138380,AP,1.42,0.000000,0.00,
202138387,AP,0.64,0.000000,0.00,
202138403,AP,0.25,0.000000,0.00,
202138440,AP,1.16,0.000000,0.00,
202138772,AP,0.20,0.000000,0.00,
202138814,AP,0.27,0.000000,0.00,
202138842,AP,0.28,0.000000,0.00,
202138854,AP,3.21,0.000000,0.00,
202138938,QP,2.40,3.021586,0.55,
202138970,QP,0.31,0.349844,0.09,
202138983,QP,2.80,8.938864,0.37,
202138987,AP,0.75,0.000000,0.00,
202138999,AP,0.15,0.000000,0.00,
202139006,QP,4.34,0.186496,0.97,
202139013,AP,1.36,0.000000,0.00,
202139015,AP,0.54,0.000000,0.00,
202139057,AP,0.31,0.000000,0.00,
202139082,QP,2.26,8.564961,0.95,
202139088,AP,0.23,0.000000,0.00,
202139093,AP,0.31,0.000000,0.00,
202139126,AP,0.35,0.000000,0.00,
202139136,AP,3.57,0.000000,0.00,
202139138,AP,20.57,0.000000,0.00,
202139162,QP,6.50,1.206662,1.91,
202139235,QP,3.24,4.950757,1.12,
202139236,QP,4.24,4.989135,1.55,
202139269,AP,2.06,0.000000,0.00,
202139272,QP,1.26,6.071682,0.44,
202139288,QP,0.79,2.616253,0.15,
202139347,AP,0.57,0.000000,0.00,
202139591,AP,0.35,0.000000,0.00,
202139598,AP,0.21,0.000000,0.00,
202139603,AP,0.40,0.000000,0.00,
202139604,AP,0.49,0.000000,0.00,
202139620,AP,0.41,0.000000,0.00,
202139624,QP,0.41,0.818826,0.08,
202139689,AP,0.60,0.000000,0.00,
202139703,AP,0.38,0.000000,0.00,
202139705,AP,0.53,0.000000,0.00,
202139706,QP,0.66,9.844918,0.19,
202139756,QP,1.10,7.483694,0.37,
202139761,QP,1.65,9.064758,0.43,
202139769,AP,0.38,0.000000,0.00,
202139790,AP,0.64,0.000000,0.00,
202139797,AP,1.14,0.000000,0.00,
202139801,QP,2.30,3.109166,0.85,
202139803,AP,0.57,0.000000,0.00,
202139879,QP,0.63,1.792749,0.10,
202139885,QP,4.72,2.226978,1.88,
202139889,QP,0.81,3.072606,0.13,
202139892,QP,1.34,1.436600,0.36,
202139896,QP,0.50,3.164389,0.12,
202139901, P,1.45,2.194822,0.49,
202139918,AP,0.50,0.000000,0.00,
202139927,AP,0.70,0.000000,0.00,
202139931,AP,0.41,0.000000,0.00,
202139932,AP,3.68,0.000000,0.00,
202139979,QP,7.03,1.992561,2.40,
